TS,front,drill,camera,back,press,manual,iCarrierID6_FrontCover,iCarrierID5_Drill,iCarrierID4_Camera,iCarrierID3_Back,iCarrierID2_Press,iCarrierID1_Manual,robot
0,0,0,0,0,0,0,0.0,0.0,0.0,0.0,0.0,0.0,0
0.5,0,0,0,0,0,0,0.0,0.0,0.0,0.0,0.0,0.0,0
1,0,0,0,0,0,0,0.0,0.0,0.0,0.0,0.0,0.0,0
1.5,0,0,0,0,0,0,0.0,0.0,0.0,0.0,0.0,0.0,0
2,0,0,0,0,0,0,0.0,0.0,0.0,0.0,0.0,0.0,0
2.5,0,0,0,0,0,0,0.0,0.0,0.0,0.0,0.0,0.0,0
3,0,0,0,0,0,0,0.0,0.0,0.0,0.0,0.0,0.0,0
3.5,0,0,0,0,0,0,0.0,0.0,0.0,0.0,0.0,0.0,0
4,0,0,0,0,0,0,0.0,0.0,0.0,0.0,0.0,0.0,0
4.5,0,0,0,0,0,0,0.0,0.0,0.0,0.0,0.0,0.0,0
5,1,0,0,0,0,0,1.0,0.0,0.0,0.0,0.0,0.0,0
5.5,1,0,0,0,0,0,1.0,0.0,0.0,0.0,0.0,0.0,0
6,1,0,0,0,0,0,1.0,0.0,0.0,0.0,0.0,0.0,0
6.5,1,0,0,0,0,0,1.0,0.0,0.0,0.0,0.0,0.0,0
7,1,0,0,0,0,0,1.0,0.0,0.0,0.0,0.0,0.0,0
7.5,1,0,0,0,0,0,1.0,0.0,0.0,0.0,0.0,0.0,0
8,1,0,0,0,0,0,1.0,0.0,0.0,0.0,0.0,0.0,0
8.5,1,0,0,0,0,0,1.0,0.0,0.0,0.0,0.0,0.0,0
9,1,0,0,0,0,0,1.0,0.0,0.0,0.0,0.0,0.0,0
9.5,1,0,0,0,0,0,1.0,0.0,0.0,0.0,0.0,0.0,0
10,1,0,0,0,0,0,1.0,0.0,0.0,0.0,0.0,0.0,0
10.5,1,0,0,0,0,0,1.0,0.0,0.0,0.0,0.0,0.0,0
11,1,0,0,0,0,0,1.0,0.0,0.0,0.0,0.0,0.0,0
11.5,1,0,0,0,0,0,1.0,0.0,0.0,0.0,0.0,0.0,0
12,1,0,0,0,0,0,1.0,0.0,0.0,0.0,0.0,0.0,0
12.5,1,0,0,0,0,0,1.0,0.0,0.0,0.0,0.0,0.0,0
13,1,0,0,0,0,0,1.0,0.0,0.0,0.0,0.0,0.0,0
13.5,1,0,0,0,0,0,1.0,0.0,0.0,0.0,0.0,0.0,0
14,1,0,0,0,0,0,1.0,0.0,0.0,0.0,0.0,0.0,0
14.5,1,0,0,0,0,0,1.0,0.0,0.0,0.0,0.0,0.0,0
15,1,0,0,0,0,0,1.0,0.0,0.0,0.0,0.0,0.0,0
15.5,1,0,0,0,0,0,1.0,0.0,0.0,0.0,0.0,0.0,0
16,0,0,0,0,0,0,1.0,0.0,0.0,0.0,0.0,0.0,0
16.5,0,0,0,0,0,0,1.0,0.0,0.0,0.0,0.0,0.0,0
17,0,0,0,0,0,0,1.0,0.0,0.0,0.0,0.0,0.0,0
17.5,1,0,0,0,0,0,2.0,0.0,0.0,0.0,0.0,0.0,0
18,1,0,0,0,0,0,2.0,0.0,0.0,0.0,0.0,0.0,0
18.5,1,0,0,0,0,0,2.0,0.0,0.0,0.0,0.0,0.0,0
19,1,0,0,0,0,0,2.0,0.0,0.0,0.0,0.0,0.0,0
19.5,1,0,0,0,0,0,2.0,0.0,0.0,0.0,0.0,0.0,0
20,1,0,0,0,0,0,2.0,0.0,0.0,0.0,0.0,0.0,0
20.5,1,0,0,0,0,0,2.0,0.0,0.0,0.0,0.0,0.0,0
21,1,0,0,0,0,0,2.0,0.0,0.0,0.0,0.0,0.0,0
21.5,1,0,0,0,0,0,2.0,0.0,0.0,0.0,0.0,0.0,0
22,1,0,0,0,0,0,2.0,0.0,0.0,0.0,0.0,0.0,0
22.5,1,0,0,0,0,0,2.0,0.0,0.0,0.0,0.0,0.0,0
23,1,1,0,0,0,0,2.0,1.0,0.0,0.0,0.0,0.0,0
23.5,1,1,0,0,0,0,2.0,2.0,0.0,0.0,0.0,0.0,0
24,1,1,0,0,0,0,2.0,2.0,0.0,0.0,0.0,0.0,0
24.5,1,1,0,0,0,0,2.0,2.0,0.0,0.0,0.0,0.0,0
25,1,1,0,0,0,0,2.0,2.0,0.0,0.0,0.0,0.0,0
25.5,1,1,0,0,0,0,2.0,2.0,0.0,0.0,0.0,0.0,0
26,1,1,0,0,0,0,2.0,2.0,0.0,0.0,0.0,0.0,0
26.5,1,1,0,0,0,0,2.0,2.0,0.0,0.0,0.0,0.0,0
27,1,1,0,0,0,0,2.0,2.0,0.0,0.0,0.0,0.0,0
27.5,1,1,0,0,0,0,2.0,2.0,0.0,0.0,0.0,0.0,0
28,0,1,0,0,0,0,2.0,2.0,0.0,0.0,0.0,0.0,0
28.5,0,1,0,0,0,0,2.0,2.0,0.0,0.0,0.0,0.0,0
29,0,1,0,0,0,0,2.0,2.0,0.0,0.0,0.0,0.0,0
29.5,0,1,0,0,0,0,2.0,2.0,0.0,0.0,0.0,0.0,0
30,1,1,0,0,0,0,3.0,2.0,0.0,0.0,0.0,0.0,0
30.5,1,1,0,0,0,0,3.0,2.0,0.0,0.0,0.0,0.0,0
31,1,1,0,0,0,0,3.0,2.0,0.0,0.0,0.0,0.0,0
31.5,1,1,0,0,0,0,3.0,2.0,0.0,0.0,0.0,0.0,0
32,1,1,0,0,0,0,3.0,2.0,0.0,0.0,0.0,0.0,0
32.5,1,1,0,0,0,0,3.0,2.0,0.0,0.0,0.0,0.0,0
33,1,1,0,0,0,0,3.0,2.0,0.0,0.0,0.0,0.0,0
33.5,1,1,0,0,0,0,3.0,2.0,0.0,0.0,0.0,0.0,0
34,1,1,0,0,0,0,3.0,2.0,0.0,0.0,0.0,0.0,0
34.5,1,1,0,0,0,0,3.0,2.0,0.0,0.0,0.0,0.0,0
35,1,1,0,0,0,0,3.0,2.0,0.0,0.0,0.0,0.0,0
35.5,1,0,0,0,0,0,3.0,2.0,0.0,0.0,0.0,0.0,0
36,1,0,0,0,0,0,3.0,2.0,0.0,0.0,0.0,0.0,0
36.5,1,0,0,0,0,0,3.0,2.0,0.0,0.0,0.0,0.0,0
37,1,1,0,0,0,0,3.0,2.0,0.0,0.0,0.0,0.0,0
37.5,1,1,0,0,0,0,3.0,2.0,0.0,0.0,0.0,0.0,0
38,1,1,0,0,0,0,3.0,2.0,0.0,0.0,0.0,0.0,0
38.5,1,1,0,0,0,0,3.0,2.0,0.0,0.0,0.0,0.0,0
39,1,1,0,0,0,0,3.0,2.0,0.0,0.0,0.0,0.0,0
39.5,1,1,0,0,0,0,3.0,2.0,0.0,0.0,0.0,0.0,0
40,1,1,0,0,0,0,3.0,2.0,0.0,0.0,0.0,0.0,0
40.5,1,1,0,0,0,0,3.0,2.0,0.0,0.0,0.0,0.0,0
41,0,1,0,0,0,0,3.0,2.0,0.0,0.0,0.0,0.0,0
41.5,0,1,0,0,0,0,3.0,2.0,0.0,0.0,0.0,0.0,0
42,0,1,0,0,0,0,3.0,2.0,0.0,0.0,0.0,0.0,0
42.5,0,1,0,0,0,0,3.0,2.0,0.0,0.0,0.0,0.0,0
43,1,1,0,0,0,0,4.0,2.0,0.0,0.0,0.0,0.0,0
43.5,1,1,0,0,0,0,4.0,2.0,0.0,0.0,0.0,0.0,0
44,1,1,0,0,0,0,4.0,2.0,0.0,0.0,0.0,0.0,0
44.5,1,1,0,0,0,0,4.0,2.0,0.0,0.0,0.0,0.0,0
45,1,1,0,0,0,0,4.0,2.0,0.0,0.0,0.0,0.0,0
45.5,1,1,0,0,0,0,4.0,2.0,0.0,0.0,0.0,0.0,0
46,1,1,0,0,0,0,4.0,2.0,0.0,0.0,0.0,0.0,0
46.5,1,1,0,0,0,0,4.0,2.0,0.0,0.0,0.0,0.0,0
47,1,1,0,0,0,0,4.0,2.0,0.0,0.0,0.0,0.0,0
47.5,1,1,0,0,0,0,4.0,2.0,0.0,0.0,0.0,0.0,0
48,1,1,0,0,0,0,4.0,2.0,0.0,0.0,0.0,0.0,0
48.5,1,1,0,0,0,0,4.0,2.0,0.0,0.0,0.0,0.0,0
49,1,0,0,0,0,0,4.0,2.0,0.0,0.0,0.0,0.0,0
49.5,1,0,0,0,0,0,4.0,2.0,0.0,0.0,0.0,0.0,0
50,1,0,0,0,0,0,4.0,2.0,0.0,0.0,0.0,0.0,0
50.5,1,1,0,0,0,0,4.0,3.0,0.0,0.0,0.0,0.0,0
51,1,1,0,0,0,0,4.0,3.0,0.0,0.0,0.0,0.0,0
51.5,1,1,0,0,0,0,4.0,3.0,0.0,0.0,0.0,0.0,0
52,1,1,0,0,0,0,4.0,3.0,0.0,0.0,0.0,0.0,0
52.5,1,1,0,0,0,0,4.0,3.0,0.0,0.0,0.0,0.0,0
53,1,1,0,0,0,0,4.0,3.0,0.0,0.0,0.0,0.0,0
53.5,0,1,0,0,0,0,4.0,3.0,0.0,0.0,0.0,0.0,0
54,0,1,0,0,0,0,4.0,3.0,0.0,0.0,0.0,0.0,0
54.5,0,1,0,0,0,0,4.0,3.0,0.0,0.0,0.0,0.0,0
55,0,1,0,0,0,0,4.0,3.0,0.0,0.0,0.0,0.0,0
55.5,0,1,0,0,0,0,4.0,3.0,0.0,0.0,0.0,0.0,0
56,0,1,0,0,0,0,4.0,3.0,0.0,0.0,0.0,0.0,0
56.5,0,1,0,0,0,0,4.0,3.0,0.0,0.0,0.0,0.0,0
57,0,1,0,0,0,0,4.0,3.0,0.0,0.0,0.0,0.0,0
57.5,0,1,0,0,0,0,4.0,3.0,0.0,0.0,0.0,0.0,0
58,0,1,0,0,0,0,4.0,3.0,0.0,0.0,0.0,0.0,0
58.5,0,1,0,0,0,0,4.0,3.0,0.0,0.0,0.0,0.0,0
59,0,1,0,0,0,0,4.0,3.0,0.0,0.0,0.0,0.0,0
59.5,0,1,0,0,0,0,4.0,3.0,0.0,0.0,0.0,0.0,0
60,0,1,0,0,0,0,4.0,3.0,0.0,0.0,0.0,0.0,0
60.5,0,1,0,0,0,0,4.0,3.0,0.0,0.0,0.0,0.0,0
61,0,1,0,0,0,0,4.0,3.0,0.0,0.0,0.0,0.0,0
61.5,0,1,0,0,0,0,4.0,3.0,0.0,0.0,0.0,0.0,0
62,0,1,0,0,0,0,4.0,3.0,0.0,0.0,0.0,0.0,0
62.5,0,1,0,0,0,0,4.0,3.0,0.0,0.0,0.0,0.0,0
63,0,0,0,0,0,0,4.0,3.0,0.0,0.0,0.0,0.0,0
63.5,0,0,0,0,0,0,4.0,3.0,0.0,0.0,0.0,0.0,0
64,0,0,0,0,0,0,4.0,3.0,0.0,0.0,0.0,0.0,0
64.5,0,1,0,0,0,0,4.0,4.0,0.0,0.0,0.0,0.0,0
65,0,1,0,0,0,0,4.0,4.0,0.0,0.0,0.0,0.0,0
65.5,0,1,0,0,0,0,4.0,4.0,0.0,0.0,0.0,0.0,0
66,0,1,0,0,0,0,4.0,4.0,0.0,0.0,0.0,0.0,0
66.5,0,1,0,0,0,0,4.0,4.0,0.0,0.0,0.0,0.0,0
67,0,1,0,0,0,0,4.0,4.0,0.0,0.0,0.0,0.0,0
67.5,0,1,0,0,0,0,4.0,4.0,0.0,0.0,0.0,0.0,0
68,0,1,0,0,0,0,4.0,4.0,0.0,0.0,0.0,0.0,0
68.5,0,1,0,0,0,0,4.0,4.0,0.0,0.0,0.0,0.0,0
69,0,1,0,0,0,0,4.0,4.0,0.0,0.0,0.0,0.0,0
69.5,0,1,0,0,0,0,4.0,4.0,0.0,0.0,0.0,0.0,0
70,0,1,0,0,0,0,4.0,4.0,0.0,0.0,0.0,0.0,0
70.5,0,1,0,0,0,0,4.0,4.0,0.0,0.0,0.0,0.0,0
71,0,1,0,0,0,0,4.0,4.0,0.0,0.0,0.0,0.0,0
71.5,0,1,0,0,0,0,4.0,4.0,0.0,0.0,0.0,0.0,0
72,0,1,0,0,0,0,4.0,4.0,0.0,0.0,0.0,0.0,0
72.5,0,1,0,0,0,0,4.0,4.0,0.0,0.0,0.0,0.0,0
73,0,1,0,0,0,0,4.0,4.0,0.0,0.0,0.0,0.0,0
73.5,0,1,0,0,0,0,4.0,4.0,0.0,0.0,0.0,0.0,0
74,0,1,0,0,0,0,4.0,4.0,0.0,0.0,0.0,0.0,0
74.5,0,1,0,0,0,0,4.0,4.0,0.0,0.0,0.0,0.0,0
75,0,1,0,0,0,0,4.0,4.0,0.0,0.0,0.0,0.0,0
75.5,0,1,0,0,0,0,4.0,4.0,0.0,0.0,0.0,0.0,0
76,0,1,0,0,0,0,4.0,4.0,0.0,0.0,0.0,0.0,0
76.5,0,1,0,0,0,0,4.0,4.0,0.0,0.0,0.0,0.0,0
77,0,0,0,0,0,0,4.0,4.0,0.0,0.0,0.0,0.0,0
77.5,0,0,0,0,0,0,4.0,4.0,0.0,0.0,0.0,0.0,0
78,0,0,0,0,0,0,4.0,4.0,0.0,0.0,0.0,0.0,0
78.5,0,0,0,0,0,0,4.0,4.0,0.0,0.0,0.0,0.0,0
79,0,0,0,0,0,0,4.0,4.0,0.0,0.0,0.0,0.0,0
79.5,0,0,0,0,0,0,4.0,4.0,0.0,0.0,0.0,0.0,0
80,0,0,0,0,0,0,4.0,4.0,0.0,0.0,0.0,0.0,0
80.5,0,0,0,0,0,0,4.0,4.0,0.0,0.0,0.0,0.0,0
81,0,0,0,0,0,0,4.0,4.0,0.0,0.0,0.0,0.0,0
81.5,0,0,0,0,0,0,4.0,4.0,0.0,0.0,0.0,0.0,0
82,0,0,0,0,0,0,4.0,4.0,0.0,0.0,0.0,0.0,0
82.5,0,0,0,0,0,0,4.0,4.0,0.0,0.0,0.0,0.0,0
83,0,0,0,0,0,0,4.0,4.0,0.0,0.0,0.0,0.0,0
83.5,0,0,0,0,0,0,4.0,4.0,0.0,0.0,0.0,0.0,0
84,0,0,0,0,0,0,4.0,4.0,0.0,0.0,0.0,0.0,0
84.5,0,0,0,0,0,0,4.0,4.0,0.0,0.0,0.0,0.0,0
85,0,0,0,0,0,0,4.0,4.0,0.0,0.0,0.0,0.0,0
85.5,0,0,0,0,0,0,4.0,4.0,0.0,0.0,0.0,0.0,1
86,0,0,0,0,0,0,4.0,4.0,0.0,0.0,0.0,0.0,1
86.5,0,0,0,0,0,0,4.0,4.0,0.0,0.0,0.0,0.0,1
87,0,0,0,0,0,0,4.0,4.0,0.0,0.0,0.0,0.0,1
87.5,0,0,0,0,0,0,4.0,4.0,0.0,0.0,0.0,0.0,1
88,0,0,0,0,0,0,4.0,4.0,0.0,0.0,0.0,0.0,1
88.5,0,0,0,0,0,0,4.0,4.0,0.0,0.0,0.0,0.0,1
89,0,0,0,0,0,0,4.0,4.0,0.0,0.0,0.0,0.0,1
89.5,0,0,0,0,0,0,4.0,4.0,0.0,0.0,0.0,0.0,1
90,0,0,0,0,0,0,4.0,4.0,0.0,0.0,0.0,0.0,1
90.5,0,0,0,0,0,0,4.0,4.0,0.0,0.0,0.0,0.0,1
91,0,0,0,0,0,0,4.0,4.0,0.0,0.0,0.0,0.0,1
91.5,0,0,0,0,0,0,4.0,4.0,0.0,0.0,0.0,0.0,1
92,0,0,0,0,0,0,4.0,4.0,0.0,0.0,0.0,0.0,1
92.5,0,0,0,0,0,0,4.0,4.0,0.0,0.0,0.0,0.0,1
93,0,0,0,0,0,0,4.0,4.0,0.0,0.0,0.0,0.0,1
93.5,0,0,0,0,0,0,4.0,4.0,0.0,0.0,0.0,0.0,1
94,0,0,0,0,0,0,4.0,4.0,0.0,0.0,0.0,0.0,1
94.5,0,0,0,0,0,0,4.0,4.0,0.0,0.0,0.0,0.0,1
95,0,0,0,0,0,0,4.0,4.0,0.0,0.0,0.0,0.0,1
95.5,0,0,0,0,0,0,4.0,4.0,0.0,0.0,0.0,0.0,1
96,0,0,0,0,0,0,4.0,4.0,0.0,0.0,0.0,0.0,1
96.5,0,0,0,0,0,0,4.0,4.0,0.0,0.0,0.0,0.0,1
97,0,0,0,0,0,0,4.0,4.0,0.0,0.0,0.0,0.0,1
97.5,0,0,0,0,0,0,4.0,4.0,0.0,0.0,0.0,0.0,1
98,0,0,0,0,0,0,4.0,4.0,0.0,0.0,0.0,0.0,1
98.5,0,0,0,0,0,0,4.0,4.0,0.0,0.0,0.0,0.0,1
99,0,0,0,0,0,0,4.0,4.0,0.0,0.0,0.0,0.0,1
99.5,0,0,0,0,0,0,4.0,4.0,0.0,0.0,0.0,0.0,1
100,0,0,0,0,0,0,4.0,4.0,0.0,0.0,0.0,0.0,1
100.5,0,0,0,0,0,0,4.0,4.0,0.0,0.0,0.0,0.0,1
101,0,0,0,0,0,0,4.0,4.0,0.0,0.0,0.0,0.0,1
101.5,0,0,0,0,0,0,4.0,4.0,0.0,0.0,0.0,0.0,1
102,0,0,0,0,0,0,4.0,4.0,0.0,0.0,0.0,0.0,1
102.5,0,0,0,0,0,0,4.0,4.0,0.0,0.0,0.0,0.0,1
103,0,0,0,0,0,0,4.0,4.0,0.0,0.0,0.0,0.0,1
103.5,0,0,0,0,0,0,4.0,4.0,0.0,0.0,0.0,0.0,1
104,0,0,0,0,0,0,4.0,4.0,0.0,0.0,0.0,0.0,1
104.5,0,0,0,0,0,0,4.0,4.0,0.0,0.0,0.0,0.0,1
105,0,0,0,0,0,0,4.0,4.0,0.0,0.0,0.0,0.0,1
105.5,0,0,0,0,0,0,4.0,4.0,0.0,0.0,0.0,0.0,1
106,0,0,0,0,0,0,4.0,4.0,0.0,0.0,0.0,0.0,1
106.5,0,0,0,0,0,0,4.0,4.0,0.0,0.0,0.0,0.0,1
107,0,0,0,0,0,0,4.0,4.0,0.0,0.0,0.0,0.0,1
107.5,0,0,0,0,0,0,4.0,4.0,0.0,0.0,0.0,0.0,1
108,0,0,0,0,0,0,4.0,4.0,0.0,0.0,0.0,0.0,1
108.5,0,0,0,0,0,0,4.0,4.0,0.0,0.0,0.0,0.0,1
109,0,0,0,0,0,0,4.0,4.0,0.0,0.0,0.0,0.0,1
109.5,0,0,0,0,0,0,4.0,4.0,0.0,0.0,0.0,0.0,1
110,0,0,0,0,0,0,4.0,4.0,0.0,0.0,0.0,0.0,1
110.5,0,0,0,0,0,0,4.0,4.0,0.0,0.0,0.0,0.0,1
111,0,0,0,0,0,0,4.0,4.0,0.0,0.0,0.0,0.0,1
111.5,0,0,0,0,0,0,4.0,4.0,0.0,0.0,0.0,0.0,1
112,0,0,0,0,0,0,4.0,4.0,0.0,0.0,0.0,0.0,1
112.5,0,0,0,0,0,0,4.0,4.0,0.0,0.0,0.0,0.0,1
113,0,0,0,0,0,0,4.0,4.0,0.0,0.0,0.0,0.0,1
113.5,0,0,0,0,0,0,4.0,4.0,0.0,0.0,0.0,0.0,1
114,0,0,0,0,0,0,4.0,4.0,0.0,0.0,0.0,0.0,1
114.5,0,0,0,0,0,0,4.0,4.0,0.0,0.0,0.0,0.0,1
115,0,0,0,0,0,0,4.0,4.0,0.0,0.0,0.0,0.0,1
115.5,0,0,0,0,0,0,4.0,4.0,0.0,0.0,0.0,0.0,1
116,0,0,0,0,0,0,4.0,4.0,0.0,0.0,0.0,0.0,1
116.5,0,0,0,0,0,0,4.0,4.0,0.0,0.0,0.0,0.0,1
117,0,0,0,0,0,0,4.0,4.0,0.0,0.0,0.0,0.0,1
117.5,0,0,0,0,0,0,4.0,4.0,0.0,0.0,0.0,0.0,1
118,0,0,0,0,0,0,4.0,4.0,0.0,0.0,0.0,0.0,1
118.5,0,0,0,0,0,0,4.0,4.0,0.0,0.0,0.0,0.0,1
119,0,0,0,0,0,0,4.0,4.0,0.0,0.0,0.0,0.0,1
119.5,0,0,0,0,0,0,4.0,4.0,0.0,0.0,0.0,0.0,1
120,0,0,0,0,0,0,4.0,4.0,0.0,0.0,0.0,0.0,1
120.5,0,0,0,0,0,0,4.0,4.0,0.0,0.0,0.0,0.0,1
121,0,0,0,0,0,0,4.0,4.0,0.0,0.0,0.0,0.0,1
121.5,0,0,0,0,0,0,4.0,4.0,0.0,0.0,0.0,0.0,1
122,0,0,0,0,0,0,4.0,4.0,0.0,0.0,0.0,0.0,1
122.5,0,0,0,0,0,0,4.0,4.0,0.0,0.0,0.0,0.0,1
123,0,0,0,0,0,0,4.0,4.0,0.0,0.0,0.0,0.0,1
123.5,0,0,0,0,0,0,4.0,4.0,0.0,0.0,0.0,0.0,1
124,0,0,0,0,0,0,4.0,4.0,0.0,0.0,0.0,0.0,1
124.5,0,0,0,0,0,0,4.0,4.0,0.0,0.0,0.0,0.0,1
125,0,0,0,0,0,0,4.0,4.0,0.0,0.0,0.0,0.0,1
125.5,0,0,0,0,0,0,4.0,4.0,0.0,0.0,0.0,0.0,1
126,0,0,0,0,0,0,4.0,4.0,0.0,0.0,0.0,0.0,1
126.5,0,0,0,0,0,0,4.0,4.0,0.0,0.0,0.0,0.0,1
127,0,0,0,0,0,0,4.0,4.0,0.0,0.0,0.0,0.0,1
127.5,0,0,0,0,0,0,4.0,4.0,0.0,0.0,0.0,0.0,1
128,0,0,0,0,0,0,4.0,4.0,0.0,0.0,0.0,0.0,1
128.5,0,0,0,0,0,0,4.0,4.0,0.0,0.0,0.0,0.0,1
129,0,0,0,0,0,0,4.0,4.0,0.0,0.0,0.0,0.0,1
129.5,0,0,0,0,0,0,4.0,4.0,0.0,0.0,0.0,0.0,1
130,0,0,0,0,0,0,4.0,4.0,0.0,0.0,0.0,0.0,1
130.5,0,0,0,0,0,0,4.0,4.0,0.0,0.0,0.0,0.0,1
131,0,0,0,0,0,0,4.0,4.0,0.0,0.0,0.0,0.0,1
131.5,0,0,0,0,0,0,4.0,4.0,0.0,0.0,0.0,0.0,1
132,0,0,0,0,0,0,4.0,4.0,0.0,0.0,0.0,0.0,1
132.5,0,0,0,0,0,0,4.0,4.0,0.0,0.0,0.0,0.0,1
133,0,0,0,0,0,0,4.0,4.0,0.0,0.0,0.0,0.0,1
133.5,0,0,0,0,0,0,4.0,4.0,0.0,0.0,0.0,0.0,1
134,0,0,0,0,0,0,4.0,4.0,0.0,0.0,0.0,0.0,1
134.5,0,0,0,0,0,0,4.0,4.0,0.0,0.0,0.0,0.0,1
135,0,0,0,0,0,0,4.0,4.0,0.0,0.0,0.0,0.0,1
135.5,0,0,0,0,0,0,4.0,4.0,0.0,0.0,0.0,0.0,1
136,0,0,0,0,0,0,4.0,4.0,0.0,0.0,0.0,0.0,1
136.5,0,0,0,0,0,0,4.0,4.0,0.0,0.0,0.0,0.0,1
137,0,0,0,0,0,0,4.0,4.0,0.0,0.0,0.0,0.0,1
137.5,0,0,0,0,0,0,4.0,4.0,0.0,0.0,0.0,0.0,1
138,0,0,0,0,0,0,4.0,4.0,0.0,0.0,0.0,0.0,1
138.5,0,0,0,0,0,0,4.0,4.0,0.0,0.0,0.0,0.0,1
139,0,0,0,0,0,0,4.0,4.0,0.0,0.0,0.0,0.0,1
139.5,0,0,0,0,0,0,4.0,4.0,0.0,0.0,0.0,0.0,1
140,0,0,0,0,0,0,4.0,4.0,0.0,0.0,0.0,0.0,1
140.5,0,0,0,0,0,0,4.0,4.0,0.0,0.0,0.0,0.0,1
141,0,0,0,0,0,0,4.0,4.0,0.0,0.0,0.0,0.0,1
141.5,0,0,0,0,0,0,4.0,4.0,0.0,0.0,0.0,0.0,1
142,0,0,0,0,0,0,4.0,4.0,0.0,0.0,0.0,0.0,1
142.5,0,0,0,0,0,0,4.0,4.0,0.0,0.0,0.0,0.0,1
143,0,0,0,0,0,0,4.0,4.0,0.0,0.0,0.0,0.0,1
143.5,0,0,0,0,0,0,4.0,4.0,0.0,0.0,0.0,0.0,1
144,0,0,0,0,0,0,4.0,4.0,0.0,0.0,0.0,0.0,1
144.5,0,0,0,0,0,0,4.0,4.0,0.0,0.0,0.0,0.0,1
145,0,0,0,0,0,0,4.0,4.0,0.0,0.0,0.0,0.0,1
145.5,0,0,0,0,0,0,4.0,4.0,0.0,0.0,0.0,0.0,1
146,0,0,0,0,0,0,4.0,4.0,0.0,0.0,0.0,0.0,1
146.5,0,0,0,0,0,0,4.0,4.0,0.0,0.0,0.0,0.0,1
147,0,0,0,0,0,0,4.0,4.0,0.0,0.0,0.0,0.0,1
147.5,0,0,0,0,0,0,4.0,4.0,0.0,0.0,0.0,0.0,1
148,0,0,0,0,0,0,4.0,4.0,0.0,0.0,0.0,0.0,1
148.5,0,0,0,0,0,0,4.0,4.0,0.0,0.0,0.0,0.0,1
149,0,0,0,0,0,0,4.0,4.0,0.0,0.0,0.0,0.0,1
149.5,0,0,0,0,0,0,4.0,4.0,0.0,0.0,0.0,0.0,1
150,0,0,0,0,0,0,4.0,4.0,0.0,0.0,0.0,0.0,1
150.5,0,0,0,0,0,0,4.0,4.0,0.0,0.0,0.0,0.0,1
151,0,0,0,0,0,0,4.0,4.0,0.0,0.0,0.0,0.0,1
151.5,0,0,0,0,0,0,4.0,4.0,0.0,0.0,0.0,0.0,1
152,0,0,0,0,0,0,4.0,4.0,0.0,0.0,0.0,0.0,1
152.5,0,0,0,0,0,0,4.0,4.0,0.0,0.0,0.0,0.0,1
153,0,0,0,0,0,0,4.0,4.0,0.0,0.0,0.0,0.0,1
153.5,0,0,0,0,0,0,4.0,4.0,0.0,0.0,0.0,0.0,1
154,0,0,0,0,0,0,4.0,4.0,0.0,0.0,0.0,0.0,1
154.5,0,0,0,0,0,0,4.0,4.0,0.0,0.0,0.0,0.0,1
155,0,0,0,0,0,0,4.0,4.0,0.0,0.0,0.0,0.0,1
155.5,0,0,0,0,0,0,4.0,4.0,0.0,0.0,0.0,0.0,1
156,0,0,0,0,0,0,4.0,4.0,0.0,0.0,0.0,0.0,1
156.5,0,0,0,0,0,0,4.0,4.0,0.0,0.0,0.0,0.0,1
157,0,0,0,0,0,0,4.0,4.0,0.0,0.0,0.0,0.0,1
157.5,0,0,0,0,0,0,4.0,4.0,0.0,0.0,0.0,0.0,1
158,0,0,0,0,0,0,4.0,4.0,0.0,0.0,0.0,0.0,1
158.5,0,0,0,0,0,0,4.0,4.0,0.0,0.0,0.0,0.0,1
159,0,0,0,0,0,0,4.0,4.0,0.0,0.0,0.0,0.0,1
159.5,0,0,0,0,0,0,4.0,4.0,0.0,0.0,0.0,0.0,1
160,0,0,0,0,0,0,4.0,4.0,0.0,0.0,0.0,0.0,1
160.5,0,0,0,0,0,0,4.0,4.0,0.0,0.0,0.0,0.0,1
161,0,0,0,0,0,0,4.0,4.0,0.0,0.0,0.0,0.0,1
161.5,0,0,0,0,0,0,4.0,4.0,0.0,0.0,0.0,0.0,1
162,0,0,0,0,0,0,4.0,4.0,0.0,0.0,0.0,0.0,1
162.5,0,0,0,0,0,0,4.0,4.0,0.0,0.0,0.0,0.0,1
163,0,0,0,0,0,0,4.0,4.0,0.0,0.0,0.0,0.0,1
163.5,0,0,0,0,0,0,4.0,4.0,0.0,0.0,0.0,0.0,1
164,0,0,0,0,0,0,4.0,4.0,0.0,0.0,0.0,0.0,1
164.5,0,0,0,0,0,0,4.0,4.0,0.0,0.0,0.0,0.0,1
165,0,0,0,0,0,0,4.0,4.0,0.0,0.0,0.0,0.0,1
165.5,0,0,0,0,0,0,4.0,4.0,0.0,0.0,0.0,0.0,1
166,0,0,0,0,0,0,4.0,4.0,0.0,0.0,0.0,0.0,1
166.5,0,0,0,0,0,0,4.0,4.0,0.0,0.0,0.0,0.0,1
167,0,0,0,0,0,0,4.0,4.0,0.0,0.0,0.0,0.0,1
167.5,0,0,0,0,0,0,4.0,4.0,0.0,0.0,0.0,0.0,0
168,0,0,0,0,0,0,4.0,4.0,0.0,0.0,0.0,0.0,0
168.5,0,0,0,0,0,0,4.0,4.0,0.0,0.0,0.0,0.0,0
169,0,0,0,0,0,0,4.0,4.0,0.0,0.0,0.0,0.0,0
169.5,0,0,0,0,0,0,4.0,4.0,0.0,0.0,0.0,0.0,1
170,0,0,0,0,0,0,4.0,4.0,0.0,0.0,0.0,0.0,1
170.5,0,0,0,0,0,0,4.0,4.0,0.0,0.0,0.0,0.0,1
171,0,0,0,0,0,0,4.0,4.0,0.0,0.0,0.0,0.0,1
171.5,0,0,0,0,0,0,4.0,4.0,0.0,0.0,0.0,0.0,1
172,0,0,0,0,0,0,4.0,4.0,0.0,0.0,0.0,0.0,1
172.5,0,0,0,0,0,0,4.0,4.0,0.0,0.0,0.0,0.0,1
173,0,0,0,0,0,0,4.0,4.0,0.0,0.0,0.0,0.0,1
173.5,0,0,0,0,0,0,4.0,4.0,0.0,0.0,0.0,0.0,1
174,0,0,0,0,0,0,4.0,4.0,0.0,0.0,0.0,0.0,1
174.5,0,0,0,0,0,0,4.0,4.0,0.0,0.0,0.0,0.0,1
175,0,0,0,0,0,0,4.0,4.0,0.0,0.0,0.0,0.0,1
175.5,0,0,0,0,0,0,4.0,4.0,0.0,0.0,0.0,0.0,1
176,0,0,0,0,0,0,4.0,4.0,0.0,0.0,0.0,0.0,1
176.5,0,0,0,0,0,0,4.0,4.0,0.0,0.0,0.0,0.0,1
177,0,0,0,0,0,0,4.0,4.0,0.0,0.0,0.0,0.0,1
177.5,0,0,0,0,0,0,4.0,4.0,0.0,0.0,0.0,0.0,1
178,0,0,0,0,0,0,4.0,4.0,0.0,0.0,0.0,0.0,1
178.5,0,0,0,0,0,0,4.0,4.0,0.0,0.0,0.0,0.0,1
179,0,0,0,0,0,0,4.0,4.0,0.0,0.0,0.0,0.0,1
179.5,0,0,0,0,0,0,4.0,4.0,0.0,0.0,0.0,0.0,1
180,0,0,0,0,0,0,4.0,4.0,0.0,0.0,0.0,0.0,1
180.5,0,0,0,0,0,0,4.0,4.0,0.0,0.0,0.0,0.0,1
181,0,0,0,0,0,0,4.0,4.0,0.0,0.0,0.0,0.0,1
181.5,0,0,0,0,0,0,4.0,4.0,0.0,0.0,0.0,0.0,1
182,0,0,0,0,0,0,4.0,4.0,0.0,0.0,0.0,0.0,1
182.5,0,0,0,0,0,0,4.0,4.0,0.0,0.0,0.0,0.0,1
183,0,0,0,0,0,0,4.0,4.0,0.0,0.0,0.0,0.0,1
183.5,0,0,0,0,0,0,4.0,4.0,0.0,0.0,0.0,0.0,1
184,0,0,0,0,0,0,4.0,4.0,0.0,0.0,0.0,0.0,1
184.5,0,0,0,0,0,0,4.0,4.0,0.0,0.0,0.0,0.0,1
185,0,0,0,0,0,0,4.0,4.0,0.0,0.0,0.0,0.0,1
185.5,0,0,0,0,0,0,4.0,4.0,0.0,0.0,0.0,0.0,1
186,0,0,0,0,0,0,4.0,4.0,0.0,0.0,0.0,0.0,1
186.5,0,0,0,0,0,0,4.0,4.0,0.0,0.0,0.0,0.0,1
187,0,0,0,0,0,0,4.0,4.0,0.0,0.0,0.0,0.0,1
187.5,0,0,0,0,0,0,4.0,4.0,0.0,0.0,0.0,0.0,1
188,0,0,0,0,0,0,4.0,4.0,0.0,0.0,0.0,0.0,1
188.5,0,0,0,0,0,0,4.0,4.0,0.0,0.0,0.0,0.0,1
189,0,0,0,0,0,0,4.0,4.0,0.0,0.0,0.0,0.0,1
189.5,0,0,0,0,0,0,4.0,4.0,0.0,0.0,0.0,0.0,1
190,0,0,0,0,0,0,4.0,4.0,0.0,0.0,0.0,0.0,1
190.5,0,0,0,0,0,0,4.0,4.0,0.0,0.0,0.0,0.0,1
191,0,0,0,0,0,0,4.0,4.0,0.0,0.0,0.0,0.0,1
191.5,0,0,0,0,0,0,4.0,4.0,0.0,0.0,0.0,0.0,1
192,0,0,0,0,0,0,4.0,4.0,0.0,0.0,0.0,0.0,1
192.5,0,0,0,0,0,0,4.0,4.0,0.0,0.0,0.0,0.0,1
193,0,0,0,0,0,0,4.0,4.0,0.0,0.0,0.0,0.0,1
193.5,0,0,0,0,0,0,4.0,4.0,0.0,0.0,0.0,0.0,1
194,0,0,0,0,0,0,4.0,4.0,0.0,0.0,0.0,0.0,1
194.5,0,0,0,0,0,0,4.0,4.0,0.0,0.0,0.0,0.0,1
195,0,0,0,0,0,0,4.0,4.0,0.0,0.0,0.0,0.0,1
195.5,0,0,0,0,0,0,4.0,4.0,0.0,0.0,0.0,0.0,1
196,0,0,0,0,0,0,4.0,4.0,0.0,0.0,0.0,0.0,1
196.5,0,0,0,0,0,0,4.0,4.0,0.0,0.0,0.0,0.0,1
197,0,0,0,0,0,0,4.0,4.0,0.0,0.0,0.0,0.0,1
197.5,0,0,0,0,0,0,4.0,4.0,0.0,0.0,0.0,0.0,1
198,0,0,0,0,0,0,4.0,4.0,0.0,0.0,0.0,0.0,1
198.5,0,0,0,0,0,0,4.0,4.0,0.0,0.0,0.0,0.0,1
199,0,0,0,0,0,0,4.0,4.0,0.0,0.0,0.0,0.0,1
199.5,0,0,0,0,0,0,4.0,4.0,0.0,0.0,0.0,0.0,1
200,0,0,0,0,0,0,4.0,4.0,0.0,0.0,0.0,0.0,1
200.5,0,0,0,0,0,0,4.0,4.0,0.0,0.0,0.0,0.0,1
201,0,0,0,0,0,0,4.0,4.0,0.0,0.0,0.0,0.0,1
201.5,0,0,0,0,0,0,4.0,4.0,0.0,0.0,0.0,0.0,1
202,0,0,0,0,0,0,4.0,4.0,0.0,0.0,0.0,0.0,1
202.5,0,0,0,0,0,0,4.0,4.0,0.0,0.0,0.0,0.0,1
203,0,0,0,0,0,0,4.0,4.0,0.0,0.0,0.0,0.0,1
203.5,0,0,0,0,0,0,4.0,4.0,0.0,0.0,0.0,0.0,1
204,0,0,0,0,0,0,4.0,4.0,0.0,0.0,0.0,0.0,1
204.5,0,0,0,0,0,0,4.0,4.0,0.0,0.0,0.0,0.0,1
205,0,0,0,0,0,0,4.0,4.0,0.0,0.0,0.0,0.0,1
205.5,0,0,0,0,0,0,4.0,4.0,0.0,0.0,0.0,0.0,1
206,0,0,0,0,0,0,4.0,4.0,0.0,0.0,0.0,0.0,1
206.5,0,0,0,0,0,0,4.0,4.0,0.0,0.0,0.0,0.0,1
207,0,0,0,0,0,0,4.0,4.0,0.0,0.0,0.0,0.0,1
207.5,0,0,0,0,0,0,4.0,4.0,0.0,0.0,0.0,0.0,1
208,0,0,0,0,0,0,4.0,4.0,0.0,0.0,0.0,0.0,1
208.5,0,0,0,0,0,0,4.0,4.0,0.0,0.0,0.0,0.0,1
209,0,0,0,0,0,0,4.0,4.0,0.0,0.0,0.0,0.0,1
209.5,0,0,0,0,0,0,4.0,4.0,0.0,0.0,0.0,0.0,1
210,0,0,0,0,0,0,4.0,4.0,0.0,0.0,0.0,0.0,1
210.5,0,0,0,0,0,0,4.0,4.0,0.0,0.0,0.0,0.0,1
211,0,0,0,0,0,0,4.0,4.0,0.0,0.0,0.0,0.0,1
211.5,0,0,0,0,0,0,4.0,4.0,0.0,0.0,0.0,0.0,1
212,0,0,0,0,0,0,4.0,4.0,0.0,0.0,0.0,0.0,1
212.5,0,0,0,0,0,0,4.0,4.0,0.0,0.0,0.0,0.0,1
213,0,0,0,0,0,0,4.0,4.0,0.0,0.0,0.0,0.0,1
213.5,0,0,0,0,0,0,4.0,4.0,0.0,0.0,0.0,0.0,1
214,0,0,0,0,0,0,4.0,4.0,0.0,0.0,0.0,0.0,1
214.5,0,0,0,0,0,0,4.0,4.0,0.0,0.0,0.0,0.0,1
215,0,0,0,0,0,0,4.0,4.0,0.0,0.0,0.0,0.0,1
215.5,0,0,0,0,0,0,4.0,4.0,0.0,0.0,0.0,0.0,1
216,0,0,0,0,0,0,4.0,4.0,0.0,0.0,0.0,0.0,1
216.5,0,0,0,0,0,0,4.0,4.0,0.0,0.0,0.0,0.0,1
217,0,0,0,0,0,0,4.0,4.0,0.0,0.0,0.0,0.0,1
217.5,0,0,0,0,0,0,4.0,4.0,0.0,0.0,0.0,0.0,1
218,0,0,0,0,0,0,4.0,4.0,0.0,0.0,0.0,0.0,1
218.5,0,0,0,0,0,0,4.0,4.0,0.0,0.0,0.0,0.0,1
219,0,0,0,0,0,0,4.0,4.0,0.0,0.0,0.0,0.0,1
219.5,0,0,0,0,0,0,4.0,4.0,0.0,0.0,0.0,0.0,1
220,0,0,0,0,0,0,4.0,4.0,0.0,0.0,0.0,0.0,1
220.5,0,0,0,0,0,0,4.0,4.0,0.0,0.0,0.0,0.0,1
221,0,0,0,0,0,0,4.0,4.0,0.0,0.0,0.0,0.0,1
221.5,0,0,0,0,0,0,4.0,4.0,0.0,0.0,0.0,0.0,1
222,0,0,0,0,0,0,4.0,4.0,0.0,0.0,0.0,0.0,1
222.5,0,0,0,0,0,0,4.0,4.0,0.0,0.0,0.0,0.0,1
223,0,0,0,0,0,0,4.0,4.0,0.0,0.0,0.0,0.0,1
223.5,0,0,0,0,0,0,4.0,4.0,0.0,0.0,0.0,0.0,1
224,0,0,0,0,0,0,4.0,4.0,0.0,0.0,0.0,0.0,1
224.5,0,0,0,0,0,0,4.0,4.0,0.0,0.0,0.0,0.0,1
225,0,0,0,0,0,0,4.0,4.0,0.0,0.0,0.0,0.0,1
225.5,0,0,0,0,0,0,4.0,4.0,0.0,0.0,0.0,0.0,1
226,0,0,0,0,0,0,4.0,4.0,0.0,0.0,0.0,0.0,1
226.5,0,0,0,0,0,0,4.0,4.0,0.0,0.0,0.0,0.0,1
227,0,0,0,0,0,0,4.0,4.0,0.0,0.0,0.0,0.0,1
227.5,0,0,0,0,0,0,4.0,4.0,0.0,0.0,0.0,0.0,1
228,0,0,0,0,0,0,4.0,4.0,0.0,0.0,0.0,0.0,1
228.5,0,0,0,0,0,0,4.0,4.0,0.0,0.0,0.0,0.0,1
229,0,0,0,0,0,0,4.0,4.0,0.0,0.0,0.0,0.0,1
229.5,0,0,0,0,0,0,4.0,4.0,0.0,0.0,0.0,0.0,1
230,0,0,0,0,0,0,4.0,4.0,0.0,0.0,0.0,0.0,1
230.5,0,0,0,0,0,0,4.0,4.0,0.0,0.0,0.0,0.0,1
231,0,0,0,0,0,0,4.0,4.0,0.0,0.0,0.0,0.0,1
231.5,0,0,0,0,0,0,4.0,4.0,0.0,0.0,0.0,0.0,1
232,0,0,0,0,0,0,4.0,4.0,0.0,0.0,0.0,0.0,1
232.5,0,0,0,0,0,0,4.0,4.0,0.0,0.0,0.0,0.0,1
233,0,0,0,0,0,0,4.0,4.0,0.0,0.0,0.0,0.0,1
233.5,0,0,0,0,0,0,4.0,4.0,0.0,0.0,0.0,0.0,1
234,0,0,0,0,0,0,4.0,4.0,0.0,0.0,0.0,0.0,1
234.5,0,0,0,0,0,0,4.0,4.0,0.0,0.0,0.0,0.0,1
235,0,0,0,0,0,0,4.0,4.0,0.0,0.0,0.0,0.0,1
235.5,0,0,0,0,0,0,4.0,4.0,0.0,0.0,0.0,0.0,1
236,0,0,0,0,0,0,4.0,4.0,0.0,0.0,0.0,0.0,1
236.5,0,0,0,0,0,0,4.0,4.0,0.0,0.0,0.0,0.0,1
237,0,0,0,0,0,0,4.0,4.0,0.0,0.0,0.0,0.0,1
237.5,0,0,0,0,0,0,4.0,4.0,0.0,0.0,0.0,0.0,1
238,0,0,0,0,0,0,4.0,4.0,0.0,0.0,0.0,0.0,1
238.5,0,0,0,0,0,0,4.0,4.0,0.0,0.0,0.0,0.0,1
239,0,0,0,0,0,0,4.0,4.0,0.0,0.0,0.0,0.0,1
239.5,0,0,0,0,0,0,4.0,4.0,0.0,0.0,0.0,0.0,1
240,0,0,0,0,0,0,4.0,4.0,0.0,0.0,0.0,0.0,1
240.5,0,0,0,0,0,0,4.0,4.0,0.0,0.0,0.0,0.0,1
241,0,0,0,0,0,0,4.0,4.0,0.0,0.0,0.0,0.0,1
241.5,0,0,0,0,0,0,4.0,4.0,0.0,0.0,0.0,0.0,1
242,0,0,0,0,0,0,4.0,4.0,0.0,0.0,0.0,0.0,1
242.5,0,0,0,0,0,0,4.0,4.0,0.0,0.0,0.0,0.0,1
243,0,0,0,0,0,0,4.0,4.0,0.0,0.0,0.0,0.0,1
243.5,0,0,0,0,0,0,4.0,4.0,0.0,0.0,0.0,0.0,1
244,0,0,0,0,0,0,4.0,4.0,0.0,0.0,0.0,0.0,1
244.5,0,0,0,0,0,0,4.0,4.0,0.0,0.0,0.0,0.0,1
245,0,0,0,0,0,0,4.0,4.0,0.0,0.0,0.0,0.0,1
245.5,0,0,0,0,0,0,4.0,4.0,0.0,0.0,0.0,0.0,1
246,0,0,0,0,0,0,4.0,4.0,0.0,0.0,0.0,0.0,1
246.5,0,0,0,0,0,0,4.0,4.0,0.0,0.0,0.0,0.0,1
247,0,0,0,0,0,0,4.0,4.0,0.0,0.0,0.0,0.0,1
247.5,0,0,0,0,0,0,4.0,4.0,0.0,0.0,0.0,0.0,1
248,0,0,0,0,0,0,4.0,4.0,0.0,0.0,0.0,0.0,1
248.5,0,0,0,0,0,0,4.0,4.0,0.0,0.0,0.0,0.0,1
249,0,0,0,0,0,0,4.0,4.0,0.0,0.0,0.0,0.0,1
249.5,0,0,0,0,0,0,4.0,4.0,0.0,0.0,0.0,0.0,1
250,0,0,0,0,0,0,4.0,4.0,0.0,0.0,0.0,0.0,1
250.5,0,0,0,0,0,0,4.0,4.0,0.0,0.0,0.0,0.0,1
251,0,0,0,0,0,0,4.0,4.0,0.0,0.0,0.0,0.0,1
251.5,0,0,0,0,0,0,4.0,4.0,0.0,0.0,0.0,0.0,1
252,0,0,0,0,0,0,4.0,4.0,0.0,0.0,0.0,0.0,0
252.5,0,0,0,0,0,0,4.0,4.0,0.0,0.0,0.0,0.0,0
253,0,0,0,0,0,0,4.0,4.0,0.0,0.0,0.0,0.0,0
253.5,0,0,0,0,0,0,4.0,4.0,0.0,0.0,0.0,0.0,0
254,0,0,0,0,0,0,4.0,4.0,0.0,0.0,0.0,0.0,1
254.5,0,0,0,0,0,0,4.0,4.0,0.0,0.0,0.0,0.0,1
255,0,0,0,0,0,0,4.0,4.0,0.0,0.0,0.0,0.0,1
255.5,0,0,0,0,0,0,4.0,4.0,0.0,0.0,0.0,0.0,1
256,0,0,0,0,0,0,4.0,4.0,0.0,0.0,0.0,0.0,1
256.5,0,0,0,0,0,0,4.0,4.0,0.0,0.0,0.0,0.0,1
257,0,0,0,0,0,0,4.0,4.0,0.0,0.0,0.0,0.0,1
257.5,0,0,0,0,0,0,4.0,4.0,0.0,0.0,0.0,0.0,1
258,0,0,0,0,0,0,4.0,4.0,0.0,0.0,0.0,0.0,1
258.5,0,0,0,0,0,0,4.0,4.0,0.0,0.0,0.0,0.0,1
259,0,0,0,0,0,0,4.0,4.0,0.0,0.0,0.0,0.0,1
259.5,0,0,0,0,0,0,4.0,4.0,0.0,0.0,0.0,0.0,1
260,0,0,0,0,0,0,4.0,4.0,0.0,0.0,0.0,0.0,1
260.5,0,0,0,0,0,0,4.0,4.0,0.0,0.0,0.0,0.0,1
261,0,0,0,0,0,0,4.0,4.0,0.0,0.0,0.0,0.0,1
261.5,0,0,0,0,0,0,4.0,4.0,0.0,0.0,0.0,0.0,1
262,0,0,0,0,0,0,4.0,4.0,0.0,0.0,0.0,0.0,1
262.5,0,0,0,0,0,0,4.0,4.0,0.0,0.0,0.0,0.0,1
263,0,0,0,0,0,0,4.0,4.0,0.0,0.0,0.0,0.0,1
263.5,0,0,0,0,0,0,4.0,4.0,0.0,0.0,0.0,0.0,1
264,0,0,0,0,0,0,4.0,4.0,0.0,0.0,0.0,0.0,1
264.5,0,0,0,0,0,0,4.0,4.0,0.0,0.0,0.0,0.0,1
265,0,0,0,0,0,0,4.0,4.0,0.0,0.0,0.0,0.0,1
265.5,0,0,0,0,0,0,4.0,4.0,0.0,0.0,0.0,0.0,1
266,0,0,0,0,0,0,4.0,4.0,0.0,0.0,0.0,0.0,1
266.5,0,0,0,0,0,0,4.0,4.0,0.0,0.0,0.0,0.0,1
267,0,0,1,0,0,0,4.0,4.0,1.0,0.0,0.0,0.0,1
267.5,0,0,1,0,0,0,4.0,4.0,1.0,0.0,0.0,0.0,1
268,0,0,1,0,0,0,4.0,4.0,1.0,0.0,0.0,0.0,1
268.5,0,0,1,0,0,0,4.0,4.0,1.0,0.0,0.0,0.0,1
269,0,0,1,0,0,0,4.0,4.0,1.0,0.0,0.0,0.0,1
269.5,0,0,1,0,0,0,4.0,4.0,1.0,0.0,0.0,0.0,1
270,0,0,1,0,0,0,4.0,4.0,1.0,0.0,0.0,0.0,1
270.5,0,0,1,0,0,0,4.0,4.0,1.0,0.0,0.0,0.0,1
271,0,0,1,0,0,0,4.0,4.0,1.0,0.0,0.0,0.0,1
271.5,0,0,1,0,0,0,4.0,4.0,1.0,0.0,0.0,0.0,1
272,0,0,1,0,0,0,4.0,4.0,1.0,0.0,0.0,0.0,1
272.5,0,0,1,0,0,0,4.0,4.0,1.0,0.0,0.0,0.0,1
273,0,0,0,0,0,0,4.0,4.0,1.0,0.0,0.0,0.0,1
273.5,0,0,0,0,0,0,4.0,4.0,1.0,0.0,0.0,0.0,1
274,0,0,0,0,0,0,4.0,4.0,1.0,0.0,0.0,0.0,1
274.5,0,0,0,0,0,0,4.0,4.0,1.0,0.0,0.0,0.0,1
275,0,0,0,0,0,0,4.0,4.0,1.0,0.0,0.0,0.0,1
275.5,0,0,0,0,0,0,4.0,4.0,1.0,0.0,0.0,0.0,1
276,0,0,0,0,0,0,4.0,4.0,1.0,0.0,0.0,0.0,1
276.5,0,0,0,0,0,0,4.0,4.0,1.0,0.0,0.0,0.0,1
277,0,0,1,0,0,0,4.0,4.0,2.0,0.0,0.0,0.0,1
277.5,0,0,1,0,0,0,4.0,4.0,2.0,0.0,0.0,0.0,1
278,0,0,1,0,0,0,4.0,4.0,2.0,0.0,0.0,0.0,1
278.5,0,0,1,0,0,0,4.0,4.0,2.0,0.0,0.0,0.0,1
279,0,0,1,0,0,0,4.0,4.0,2.0,0.0,0.0,0.0,1
279.5,0,0,1,0,0,0,4.0,4.0,2.0,0.0,0.0,0.0,1
280,0,0,1,1,0,0,4.0,4.0,2.0,1.0,0.0,0.0,1
280.5,0,0,1,1,0,0,4.0,4.0,2.0,1.0,0.0,0.0,1
281,0,0,1,1,0,0,4.0,4.0,2.0,1.0,0.0,0.0,1
281.5,0,0,1,1,0,0,4.0,4.0,2.0,1.0,0.0,0.0,1
282,0,0,1,1,0,0,4.0,4.0,2.0,1.0,0.0,0.0,1
282.5,0,0,1,1,0,0,4.0,4.0,2.0,1.0,0.0,0.0,1
283,0,0,1,1,0,0,4.0,4.0,2.0,1.0,0.0,0.0,1
283.5,0,0,0,1,0,0,4.0,4.0,2.0,1.0,0.0,0.0,1
284,0,0,0,1,0,0,4.0,4.0,2.0,1.0,0.0,0.0,1
284.5,0,0,0,1,0,0,4.0,4.0,2.0,1.0,0.0,0.0,1
285,0,0,0,1,0,0,4.0,4.0,2.0,1.0,0.0,0.0,1
285.5,0,0,0,1,0,0,4.0,4.0,2.0,1.0,0.0,0.0,1
286,0,0,0,1,0,0,4.0,4.0,2.0,1.0,0.0,0.0,1
286.5,0,0,0,1,0,0,4.0,4.0,2.0,1.0,0.0,0.0,1
287,0,0,0,1,0,0,4.0,4.0,2.0,1.0,0.0,0.0,1
287.5,0,0,0,1,0,0,4.0,4.0,2.0,1.0,0.0,0.0,1
288,0,0,0,1,0,0,4.0,4.0,2.0,1.0,0.0,0.0,1
288.5,0,0,0,1,0,0,4.0,4.0,2.0,1.0,0.0,0.0,1
289,0,0,0,1,0,0,4.0,4.0,2.0,1.0,0.0,0.0,1
289.5,0,0,0,1,0,0,4.0,4.0,2.0,1.0,0.0,0.0,1
290,0,0,0,1,0,0,4.0,4.0,2.0,1.0,0.0,0.0,1
290.5,0,0,0,1,0,0,4.0,4.0,2.0,1.0,0.0,0.0,1
291,0,0,0,0,0,0,4.0,4.0,2.0,1.0,0.0,0.0,1
291.5,0,0,0,0,0,0,4.0,4.0,2.0,1.0,0.0,0.0,1
292,0,0,0,0,0,0,4.0,4.0,2.0,1.0,0.0,0.0,1
292.5,0,0,0,1,0,0,4.0,4.0,2.0,2.0,0.0,0.0,1
293,0,0,0,1,0,0,4.0,4.0,2.0,2.0,0.0,0.0,1
293.5,0,0,0,1,0,0,4.0,4.0,2.0,2.0,0.0,0.0,1
294,0,0,0,1,0,0,4.0,4.0,2.0,2.0,0.0,0.0,1
294.5,0,0,0,1,0,0,4.0,4.0,2.0,2.0,0.0,0.0,1
295,0,0,0,1,0,0,4.0,4.0,2.0,2.0,0.0,0.0,1
295.5,0,0,0,1,0,0,4.0,4.0,2.0,2.0,0.0,0.0,1
296,0,0,0,1,0,0,4.0,4.0,2.0,2.0,0.0,0.0,1
296.5,0,0,0,1,0,0,4.0,4.0,2.0,2.0,0.0,0.0,1
297,0,0,0,1,0,0,4.0,4.0,2.0,2.0,0.0,0.0,1
297.5,0,0,0,1,0,0,4.0,4.0,2.0,2.0,0.0,0.0,1
298,0,0,0,1,0,0,4.0,4.0,2.0,2.0,0.0,0.0,1
298.5,0,0,0,1,0,0,4.0,4.0,2.0,2.0,0.0,0.0,1
299,0,0,0,1,0,0,4.0,4.0,2.0,2.0,0.0,0.0,1
299.5,0,0,0,1,0,0,4.0,4.0,2.0,2.0,0.0,0.0,1
300,0,0,0,1,0,0,4.0,4.0,2.0,2.0,0.0,0.0,1
300.5,0,0,0,1,0,0,4.0,4.0,2.0,2.0,0.0,0.0,1
301,0,0,0,1,1,0,4.0,4.0,2.0,2.0,1.0,0.0,1
301.5,0,0,0,1,1,0,4.0,4.0,2.0,2.0,1.0,0.0,1
302,0,0,0,1,1,0,4.0,4.0,2.0,2.0,1.0,0.0,1
302.5,0,0,0,1,1,0,4.0,4.0,2.0,2.0,1.0,0.0,1
303,0,0,0,1,1,0,4.0,4.0,2.0,2.0,1.0,0.0,1
303.5,0,0,0,1,1,0,4.0,4.0,2.0,2.0,1.0,0.0,1
304,0,0,0,0,1,0,4.0,4.0,2.0,2.0,1.0,0.0,1
304.5,0,0,0,0,1,0,4.0,4.0,2.0,2.0,1.0,0.0,1
305,0,0,0,0,1,0,4.0,4.0,2.0,2.0,1.0,0.0,1
305.5,0,0,0,0,1,0,4.0,4.0,2.0,2.0,1.0,0.0,1
306,0,0,0,0,1,0,4.0,4.0,2.0,2.0,1.0,0.0,1
306.5,0,0,0,0,1,0,4.0,4.0,2.0,2.0,1.0,0.0,1
307,0,0,0,0,1,0,4.0,4.0,2.0,2.0,1.0,0.0,1
307.5,0,0,0,0,1,0,4.0,4.0,2.0,2.0,1.0,0.0,1
308,0,0,0,0,1,0,4.0,4.0,2.0,2.0,1.0,0.0,1
308.5,0,0,0,0,1,0,4.0,4.0,2.0,2.0,1.0,0.0,1
309,0,0,0,0,1,0,4.0,4.0,2.0,2.0,1.0,0.0,1
309.5,0,0,0,0,1,0,4.0,4.0,2.0,2.0,1.0,0.0,1
310,0,0,0,0,0,0,4.0,4.0,2.0,2.0,1.0,0.0,1
310.5,0,0,0,0,0,0,4.0,4.0,2.0,2.0,1.0,0.0,1
311,0,0,0,0,0,0,4.0,4.0,2.0,2.0,1.0,0.0,1
311.5,0,0,0,0,0,0,4.0,4.0,2.0,2.0,1.0,0.0,1
312,0,0,0,0,0,0,4.0,4.0,2.0,2.0,1.0,0.0,1
312.5,0,0,0,0,0,0,4.0,4.0,2.0,2.0,1.0,0.0,1
313,0,0,0,0,0,0,4.0,4.0,2.0,2.0,1.0,0.0,1
313.5,0,0,0,0,0,0,4.0,4.0,2.0,2.0,1.0,0.0,1
314,0,0,0,0,0,0,4.0,4.0,2.0,2.0,1.0,0.0,1
314.5,0,0,0,0,0,0,4.0,4.0,2.0,2.0,1.0,0.0,1
315,0,0,0,0,0,0,4.0,4.0,2.0,2.0,1.0,0.0,1
315.5,0,0,0,0,1,0,4.0,4.0,2.0,2.0,2.0,0.0,1
316,0,0,0,0,1,0,4.0,4.0,2.0,2.0,2.0,0.0,1
316.5,0,0,0,0,1,0,4.0,4.0,2.0,2.0,2.0,0.0,1
317,0,0,0,0,1,0,4.0,4.0,2.0,2.0,2.0,0.0,1
317.5,0,0,0,0,1,0,4.0,4.0,2.0,2.0,2.0,0.0,1
318,0,0,0,0,1,0,4.0,4.0,2.0,2.0,2.0,0.0,1
318.5,0,0,0,0,1,0,4.0,4.0,2.0,2.0,2.0,0.0,1
319,0,0,0,0,1,0,4.0,4.0,2.0,2.0,2.0,0.0,1
319.5,0,0,0,0,1,0,4.0,4.0,2.0,2.0,2.0,0.0,1
320,0,0,0,0,1,0,4.0,4.0,2.0,2.0,2.0,0.0,1
320.5,0,0,0,0,1,0,4.0,4.0,2.0,2.0,2.0,0.0,1
321,0,0,0,0,1,0,4.0,4.0,2.0,2.0,2.0,0.0,1
321.5,0,0,0,0,1,0,4.0,4.0,2.0,2.0,2.0,0.0,1
322,0,0,0,0,1,0,4.0,4.0,2.0,2.0,2.0,0.0,1
322.5,0,0,0,0,1,0,4.0,4.0,2.0,2.0,2.0,0.0,1
323,0,0,0,0,1,0,4.0,4.0,2.0,2.0,2.0,0.0,1
323.5,0,0,0,0,1,0,4.0,4.0,2.0,2.0,2.0,0.0,1
324,0,0,0,0,1,0,4.0,4.0,2.0,2.0,2.0,0.0,1
324.5,0,0,0,0,1,0,4.0,4.0,2.0,2.0,2.0,0.0,1
325,0,0,0,0,1,0,4.0,4.0,2.0,2.0,2.0,0.0,1
325.5,0,0,0,0,1,0,4.0,4.0,2.0,2.0,2.0,0.0,1
326,0,0,0,0,1,0,4.0,4.0,2.0,2.0,2.0,0.0,1
326.5,0,0,0,0,0,0,4.0,4.0,2.0,2.0,2.0,0.0,1
327,0,0,0,0,0,0,4.0,4.0,2.0,2.0,2.0,0.0,1
327.5,0,0,0,0,0,0,4.0,4.0,2.0,2.0,2.0,0.0,1
328,0,0,0,0,0,0,4.0,4.0,2.0,2.0,2.0,0.0,1
328.5,0,0,0,0,0,0,4.0,4.0,2.0,2.0,2.0,0.0,1
329,0,0,0,0,0,0,4.0,4.0,2.0,2.0,2.0,0.0,1
329.5,0,0,0,0,0,0,4.0,4.0,2.0,2.0,2.0,0.0,1
330,0,0,0,0,0,0,4.0,4.0,2.0,2.0,2.0,0.0,1
330.5,0,0,0,0,0,0,4.0,4.0,2.0,2.0,2.0,0.0,1
331,0,0,0,0,0,0,4.0,4.0,2.0,2.0,2.0,0.0,1
331.5,0,0,0,0,0,0,4.0,4.0,2.0,2.0,2.0,0.0,1
332,0,0,0,0,0,0,4.0,4.0,2.0,2.0,2.0,0.0,1
332.5,0,0,0,0,0,1,4.0,4.0,2.0,2.0,2.0,1.0,1
333,0,0,0,0,0,1,4.0,4.0,2.0,2.0,2.0,1.0,1
333.5,0,0,0,0,0,1,4.0,4.0,2.0,2.0,2.0,1.0,1
334,0,0,0,0,0,1,4.0,4.0,2.0,2.0,2.0,1.0,1
334.5,0,0,0,0,0,1,4.0,4.0,2.0,2.0,2.0,1.0,1
335,0,0,0,0,0,1,4.0,4.0,2.0,2.0,2.0,1.0,1
335.5,0,0,0,0,0,1,4.0,4.0,2.0,2.0,2.0,1.0,1
336,0,0,0,0,0,1,4.0,4.0,2.0,2.0,2.0,1.0,0
336.5,0,0,0,0,0,1,4.0,4.0,2.0,2.0,2.0,1.0,0
337,0,0,0,0,0,1,4.0,4.0,2.0,2.0,2.0,1.0,0
337.5,0,0,0,0,0,1,4.0,4.0,2.0,2.0,2.0,1.0,0
338,0,0,0,0,0,1,4.0,4.0,2.0,2.0,2.0,1.0,0
338.5,0,0,0,0,0,1,4.0,4.0,2.0,2.0,2.0,1.0,1
339,0,0,0,0,0,1,4.0,4.0,2.0,2.0,2.0,1.0,1
339.5,0,0,0,0,0,1,4.0,4.0,2.0,2.0,2.0,1.0,1
340,0,0,0,0,0,1,4.0,4.0,2.0,2.0,2.0,1.0,1
340.5,0,0,0,0,0,1,4.0,4.0,2.0,2.0,2.0,1.0,1
341,0,0,0,0,0,1,4.0,4.0,2.0,2.0,2.0,1.0,1
341.5,0,0,0,0,0,1,4.0,4.0,2.0,2.0,2.0,1.0,1
342,0,0,0,0,0,1,4.0,4.0,2.0,2.0,2.0,1.0,1
342.5,0,0,0,0,0,1,4.0,4.0,2.0,2.0,2.0,1.0,1
343,0,0,0,0,0,0,4.0,4.0,2.0,2.0,2.0,1.0,1
343.5,0,0,0,0,0,0,4.0,4.0,2.0,2.0,2.0,1.0,1
344,0,0,0,0,0,0,4.0,4.0,2.0,2.0,2.0,1.0,1
344.5,0,0,0,0,0,0,4.0,4.0,2.0,2.0,2.0,1.0,1
345,0,0,0,0,0,0,4.0,4.0,2.0,2.0,2.0,1.0,1
345.5,0,0,0,0,0,0,4.0,4.0,2.0,2.0,2.0,1.0,1
346,0,0,0,0,0,0,4.0,4.0,2.0,2.0,2.0,1.0,1
346.5,0,0,0,0,0,0,4.0,4.0,2.0,2.0,2.0,1.0,1
347,0,0,0,0,0,0,4.0,4.0,2.0,2.0,2.0,1.0,1
347.5,0,0,0,0,0,0,4.0,4.0,2.0,2.0,2.0,1.0,1
348,0,0,0,0,0,0,4.0,4.0,2.0,2.0,2.0,1.0,1
348.5,0,0,0,0,0,0,4.0,4.0,2.0,2.0,2.0,1.0,1
349,0,0,0,0,0,0,4.0,4.0,2.0,2.0,2.0,1.0,1
349.5,0,0,0,0,0,0,4.0,4.0,2.0,2.0,2.0,1.0,1
350,0,0,0,0,0,0,4.0,4.0,2.0,2.0,2.0,1.0,1
350.5,0,0,0,0,0,0,4.0,4.0,2.0,2.0,2.0,1.0,1
351,0,0,0,0,0,0,4.0,4.0,2.0,2.0,2.0,1.0,1
351.5,0,0,0,0,0,0,4.0,4.0,2.0,2.0,2.0,1.0,1
352,0,0,0,0,0,0,4.0,4.0,2.0,2.0,2.0,1.0,1
352.5,0,0,0,0,0,0,4.0,4.0,2.0,2.0,2.0,1.0,1
353,0,0,0,0,0,0,4.0,4.0,2.0,2.0,2.0,1.0,1
353.5,0,0,0,0,0,0,4.0,4.0,2.0,2.0,2.0,1.0,1
354,0,0,0,0,0,0,4.0,4.0,2.0,2.0,2.0,1.0,1
354.5,0,0,0,0,0,0,4.0,4.0,2.0,2.0,2.0,1.0,1
355,0,0,0,0,0,0,4.0,4.0,2.0,2.0,2.0,1.0,1
355.5,0,0,0,0,0,0,4.0,4.0,2.0,2.0,2.0,1.0,1
356,0,0,0,0,0,0,4.0,4.0,2.0,2.0,2.0,1.0,1
356.5,0,0,0,0,0,0,4.0,4.0,2.0,2.0,2.0,1.0,1
357,0,0,0,0,0,0,4.0,4.0,2.0,2.0,2.0,1.0,1
357.5,0,0,0,0,0,0,4.0,4.0,2.0,2.0,2.0,1.0,1
358,0,0,0,0,0,0,4.0,4.0,2.0,2.0,2.0,1.0,1
358.5,0,0,0,0,0,0,4.0,4.0,2.0,2.0,2.0,1.0,1
359,0,0,0,0,0,0,4.0,4.0,2.0,2.0,2.0,1.0,1
359.5,0,0,0,0,0,0,4.0,4.0,2.0,2.0,2.0,1.0,1
360,0,0,0,0,0,0,4.0,4.0,2.0,2.0,2.0,1.0,1
360.5,0,0,0,0,0,0,4.0,4.0,2.0,2.0,2.0,1.0,1
361,0,0,0,0,0,0,4.0,4.0,2.0,2.0,2.0,1.0,1
361.5,0,0,0,0,0,0,4.0,4.0,2.0,2.0,2.0,1.0,1
362,0,0,0,0,0,0,4.0,4.0,2.0,2.0,2.0,1.0,1
362.5,0,0,0,0,0,0,4.0,4.0,2.0,2.0,2.0,1.0,1
363,0,0,0,0,0,0,4.0,4.0,2.0,2.0,2.0,1.0,1
363.5,0,0,0,0,0,0,4.0,4.0,2.0,2.0,2.0,1.0,1
364,0,0,0,0,0,1,4.0,4.0,2.0,2.0,2.0,2.0,1
364.5,0,0,0,0,0,1,4.0,4.0,2.0,2.0,2.0,2.0,1
365,0,0,0,0,0,1,4.0,4.0,2.0,2.0,2.0,2.0,1
365.5,0,0,0,0,0,1,4.0,4.0,2.0,2.0,2.0,2.0,1
366,0,0,0,0,0,1,4.0,4.0,2.0,2.0,2.0,2.0,1
366.5,0,0,0,0,0,1,4.0,4.0,2.0,2.0,2.0,2.0,1
367,0,0,0,0,0,1,4.0,4.0,2.0,2.0,2.0,2.0,1
367.5,0,0,0,0,0,1,4.0,4.0,2.0,2.0,2.0,2.0,1
368,0,0,0,0,0,1,4.0,4.0,2.0,2.0,2.0,2.0,1
368.5,0,0,0,0,0,1,4.0,4.0,2.0,2.0,2.0,2.0,1
369,0,0,0,0,0,1,4.0,4.0,2.0,2.0,2.0,2.0,1
369.5,0,0,0,0,0,1,4.0,4.0,2.0,2.0,2.0,2.0,1
370,0,0,0,0,0,1,4.0,4.0,2.0,2.0,2.0,2.0,1
370.5,0,0,0,0,0,1,4.0,4.0,2.0,2.0,2.0,2.0,1
371,0,0,0,0,0,1,4.0,4.0,2.0,2.0,2.0,2.0,1
371.5,0,0,0,0,0,1,4.0,4.0,2.0,2.0,2.0,2.0,1
372,0,0,0,0,0,1,4.0,4.0,2.0,2.0,2.0,2.0,1
372.5,0,0,0,0,0,0,4.0,4.0,2.0,2.0,2.0,2.0,1
373,0,0,0,0,0,0,4.0,4.0,2.0,2.0,2.0,2.0,1
373.5,0,0,0,0,0,0,4.0,4.0,2.0,2.0,2.0,2.0,1
374,0,0,0,0,0,0,4.0,4.0,2.0,2.0,2.0,2.0,1
374.5,0,0,0,0,0,0,4.0,4.0,2.0,2.0,2.0,2.0,1
375,0,0,0,0,0,0,4.0,4.0,2.0,2.0,2.0,2.0,1
375.5,0,0,0,0,0,0,4.0,4.0,2.0,2.0,2.0,2.0,1
376,0,0,0,0,0,0,4.0,4.0,2.0,2.0,2.0,2.0,1
376.5,0,0,0,0,0,0,4.0,4.0,2.0,2.0,2.0,2.0,1
377,0,0,0,0,0,0,4.0,4.0,2.0,2.0,2.0,2.0,1
377.5,0,0,0,0,0,0,4.0,4.0,2.0,2.0,2.0,2.0,1
378,0,0,0,0,0,0,4.0,4.0,2.0,2.0,2.0,2.0,1
378.5,0,0,0,0,0,0,4.0,4.0,2.0,2.0,2.0,2.0,1
379,0,0,0,0,0,0,4.0,4.0,2.0,2.0,2.0,2.0,1
379.5,0,0,0,0,0,0,4.0,4.0,2.0,2.0,2.0,2.0,1
380,0,0,0,0,0,0,4.0,4.0,2.0,2.0,2.0,2.0,1
380.5,0,0,0,0,0,0,4.0,4.0,2.0,2.0,2.0,2.0,1
381,0,0,0,0,0,0,4.0,4.0,2.0,2.0,2.0,2.0,1
381.5,0,0,0,0,0,0,4.0,4.0,2.0,2.0,2.0,2.0,1
382,0,0,0,0,0,0,4.0,4.0,2.0,2.0,2.0,2.0,1
382.5,0,0,0,0,0,0,4.0,4.0,2.0,2.0,2.0,2.0,1
383,0,0,0,0,0,0,4.0,4.0,2.0,2.0,2.0,2.0,1
383.5,0,0,0,0,0,0,4.0,4.0,2.0,2.0,2.0,2.0,1
384,0,0,0,0,0,0,4.0,4.0,2.0,2.0,2.0,2.0,1
384.5,0,0,0,0,0,0,4.0,4.0,2.0,2.0,2.0,2.0,1
385,0,0,0,0,0,0,4.0,4.0,2.0,2.0,2.0,2.0,1
385.5,0,0,0,0,0,0,4.0,4.0,2.0,2.0,2.0,2.0,1
386,0,0,0,0,0,0,4.0,4.0,2.0,2.0,2.0,2.0,1
386.5,0,0,0,0,0,0,4.0,4.0,2.0,2.0,2.0,2.0,1
387,0,0,0,0,0,0,4.0,4.0,2.0,2.0,2.0,2.0,1
387.5,0,0,0,0,0,0,4.0,4.0,2.0,2.0,2.0,2.0,1
388,0,0,0,0,0,0,4.0,4.0,2.0,2.0,2.0,2.0,1
388.5,0,0,0,0,0,0,4.0,4.0,2.0,2.0,2.0,2.0,1
389,0,0,0,0,0,0,4.0,4.0,2.0,2.0,2.0,2.0,1
389.5,0,0,0,0,0,0,4.0,4.0,2.0,2.0,2.0,2.0,1
390,0,0,0,0,0,0,4.0,4.0,2.0,2.0,2.0,2.0,1
390.5,0,0,0,0,0,0,4.0,4.0,2.0,2.0,2.0,2.0,1
391,0,0,0,0,0,0,4.0,4.0,2.0,2.0,2.0,2.0,1
391.5,0,0,0,0,0,0,4.0,4.0,2.0,2.0,2.0,2.0,1
392,0,0,0,0,0,0,4.0,4.0,2.0,2.0,2.0,2.0,1
392.5,0,0,0,0,0,0,4.0,4.0,2.0,2.0,2.0,2.0,1
393,0,0,0,0,0,0,4.0,4.0,2.0,2.0,2.0,2.0,1
393.5,0,0,0,0,0,0,4.0,4.0,2.0,2.0,2.0,2.0,1
394,0,0,0,0,0,0,4.0,4.0,2.0,2.0,2.0,2.0,1
394.5,0,0,0,0,0,0,4.0,4.0,2.0,2.0,2.0,2.0,1
395,0,0,0,0,0,0,4.0,4.0,2.0,2.0,2.0,2.0,1
395.5,0,0,0,0,0,0,4.0,4.0,2.0,2.0,2.0,2.0,1
396,0,0,0,0,0,0,4.0,4.0,2.0,2.0,2.0,2.0,1
396.5,0,0,0,0,0,0,4.0,4.0,2.0,2.0,2.0,2.0,1
397,0,0,0,0,0,0,4.0,4.0,2.0,2.0,2.0,2.0,1
397.5,0,0,0,0,0,0,4.0,4.0,2.0,2.0,2.0,2.0,1
398,0,0,0,0,0,0,4.0,4.0,2.0,2.0,2.0,2.0,1
398.5,0,0,0,0,0,0,4.0,4.0,2.0,2.0,2.0,2.0,1
399,0,0,0,0,0,0,4.0,4.0,2.0,2.0,2.0,2.0,1
399.5,0,0,0,0,0,0,4.0,4.0,2.0,2.0,2.0,2.0,1
400,0,0,0,0,0,0,4.0,4.0,2.0,2.0,2.0,2.0,1
400.5,0,0,0,0,0,0,4.0,4.0,2.0,2.0,2.0,2.0,1
401,0,0,0,0,0,0,4.0,4.0,2.0,2.0,2.0,2.0,1
401.5,0,0,0,0,0,0,4.0,4.0,2.0,2.0,2.0,2.0,1
402,0,0,0,0,0,0,4.0,4.0,2.0,2.0,2.0,2.0,1
402.5,0,0,0,0,0,0,4.0,4.0,2.0,2.0,2.0,2.0,1
403,0,0,0,0,0,0,4.0,4.0,2.0,2.0,2.0,2.0,1
403.5,0,0,0,0,0,0,4.0,4.0,2.0,2.0,2.0,2.0,1
404,0,0,0,0,0,0,4.0,4.0,2.0,2.0,2.0,2.0,1
404.5,0,0,0,0,0,0,4.0,4.0,2.0,2.0,2.0,2.0,1
405,0,0,0,0,0,0,4.0,4.0,2.0,2.0,2.0,2.0,1
405.5,0,0,0,0,0,0,4.0,4.0,2.0,2.0,2.0,2.0,1
406,0,0,1,0,0,0,4.0,4.0,3.0,2.0,2.0,2.0,1
406.5,0,0,1,0,0,0,4.0,4.0,3.0,2.0,2.0,2.0,1
407,0,0,1,0,0,0,4.0,4.0,3.0,2.0,2.0,2.0,1
407.5,0,0,1,0,0,0,4.0,4.0,3.0,2.0,2.0,2.0,1
408,0,0,1,0,0,0,4.0,4.0,3.0,2.0,2.0,2.0,1
408.5,0,0,1,0,0,0,4.0,4.0,3.0,2.0,2.0,2.0,1
409,0,0,1,0,0,0,4.0,4.0,3.0,2.0,2.0,2.0,1
409.5,0,0,1,0,0,0,4.0,4.0,3.0,2.0,2.0,2.0,1
410,0,0,1,0,0,0,4.0,4.0,3.0,2.0,2.0,2.0,1
410.5,0,0,1,0,0,0,4.0,4.0,3.0,2.0,2.0,2.0,1
411,0,0,1,0,0,0,4.0,4.0,3.0,2.0,2.0,2.0,1
411.5,0,0,1,0,0,0,4.0,4.0,3.0,2.0,2.0,2.0,1
412,0,0,1,0,0,0,4.0,4.0,3.0,2.0,2.0,2.0,1
412.5,0,0,0,0,0,0,4.0,4.0,3.0,2.0,2.0,2.0,1
413,0,0,0,0,0,0,4.0,4.0,3.0,2.0,2.0,2.0,1
413.5,0,0,0,0,0,0,4.0,4.0,3.0,2.0,2.0,2.0,1
414,0,0,0,0,0,0,4.0,4.0,3.0,2.0,2.0,2.0,1
414.5,0,0,0,0,0,0,4.0,4.0,3.0,2.0,2.0,2.0,1
415,0,0,0,0,0,0,4.0,4.0,3.0,2.0,2.0,2.0,1
415.5,0,0,0,0,0,0,4.0,4.0,3.0,2.0,2.0,2.0,1
416,0,0,0,0,0,0,4.0,4.0,3.0,2.0,2.0,2.0,1
416.5,0,0,0,0,0,0,4.0,4.0,3.0,2.0,2.0,2.0,1
417,0,0,0,0,0,0,4.0,4.0,3.0,2.0,2.0,2.0,1
417.5,0,0,0,0,0,0,4.0,4.0,3.0,2.0,2.0,2.0,1
418,0,0,0,0,0,0,4.0,4.0,3.0,2.0,2.0,2.0,1
418.5,0,0,0,0,0,0,4.0,4.0,3.0,2.0,2.0,2.0,1
419,0,0,0,0,0,0,4.0,4.0,3.0,2.0,2.0,2.0,1
419.5,0,0,0,1,0,0,4.0,4.0,3.0,3.0,2.0,2.0,1
420,0,0,0,1,0,0,4.0,4.0,3.0,3.0,2.0,2.0,1
420.5,0,0,0,1,0,0,4.0,4.0,3.0,3.0,2.0,2.0,1
421,0,0,0,1,0,0,4.0,4.0,3.0,3.0,2.0,2.0,1
421.5,0,0,0,1,0,0,4.0,4.0,3.0,3.0,2.0,2.0,1
422,0,0,0,1,0,0,4.0,4.0,3.0,3.0,2.0,2.0,1
422.5,0,0,0,1,0,0,4.0,4.0,3.0,3.0,2.0,2.0,1
423,0,0,0,1,0,0,4.0,4.0,3.0,3.0,2.0,2.0,1
423.5,0,0,0,1,0,0,4.0,4.0,3.0,3.0,2.0,2.0,1
424,0,0,0,1,0,0,4.0,4.0,3.0,3.0,2.0,2.0,1
424.5,0,0,0,1,0,0,4.0,4.0,3.0,3.0,2.0,2.0,1
425,0,0,0,1,0,0,4.0,4.0,3.0,3.0,2.0,2.0,1
425.5,0,0,0,1,0,0,4.0,4.0,3.0,3.0,2.0,2.0,1
426,0,0,0,1,0,0,4.0,4.0,3.0,3.0,2.0,2.0,1
426.5,0,0,0,1,0,0,4.0,4.0,3.0,3.0,2.0,2.0,1
427,0,0,0,1,0,0,4.0,4.0,3.0,3.0,2.0,2.0,0
427.5,0,0,0,1,0,0,4.0,4.0,3.0,3.0,2.0,2.0,0
428,0,0,0,1,0,0,4.0,4.0,3.0,3.0,2.0,2.0,0
428.5,0,0,0,1,0,0,4.0,4.0,3.0,3.0,2.0,2.0,0
429,0,0,0,1,0,0,4.0,4.0,3.0,3.0,2.0,2.0,0
429.5,0,0,0,1,0,0,4.0,4.0,3.0,3.0,2.0,2.0,0
430,0,0,0,1,0,0,4.0,4.0,3.0,3.0,2.0,2.0,0
430.5,0,0,0,0,0,0,4.0,4.0,3.0,3.0,2.0,2.0,0
431,0,0,0,0,0,0,4.0,4.0,3.0,3.0,2.0,2.0,0
431.5,0,0,0,0,0,0,4.0,4.0,3.0,3.0,2.0,2.0,0
432,0,0,0,0,0,0,4.0,4.0,3.0,3.0,2.0,2.0,0
432.5,0,0,0,0,0,0,4.0,4.0,3.0,3.0,2.0,2.0,0
433,0,0,0,0,0,0,4.0,4.0,3.0,3.0,2.0,2.0,0
433.5,0,0,0,0,0,0,4.0,4.0,3.0,3.0,2.0,2.0,0
434,0,0,0,0,0,0,4.0,4.0,3.0,3.0,2.0,2.0,0
434.5,0,0,0,0,0,0,4.0,4.0,3.0,3.0,2.0,2.0,0
435,0,0,0,0,0,0,4.0,4.0,3.0,3.0,2.0,2.0,0
435.5,0,0,0,0,0,0,4.0,4.0,3.0,3.0,2.0,2.0,0
436,0,0,0,0,1,0,4.0,4.0,3.0,3.0,3.0,2.0,0
436.5,0,0,0,0,1,0,4.0,4.0,3.0,3.0,3.0,2.0,0
437,0,0,0,0,1,0,4.0,4.0,3.0,3.0,3.0,2.0,0
437.5,0,0,0,0,1,0,4.0,4.0,3.0,3.0,3.0,2.0,0
438,0,0,0,0,1,0,4.0,4.0,3.0,3.0,3.0,2.0,0
438.5,0,0,0,0,1,0,4.0,4.0,3.0,3.0,3.0,2.0,0
439,0,0,0,0,1,0,4.0,4.0,3.0,3.0,3.0,2.0,0
439.5,0,0,0,0,1,0,4.0,4.0,3.0,3.0,3.0,2.0,0
440,0,0,0,0,1,0,4.0,4.0,3.0,3.0,3.0,2.0,0
440.5,0,0,0,0,1,0,4.0,4.0,3.0,3.0,3.0,2.0,0
441,0,0,0,0,1,0,4.0,4.0,3.0,3.0,3.0,2.0,0
441.5,0,0,0,0,1,0,4.0,4.0,3.0,3.0,3.0,2.0,0
442,0,0,0,0,1,0,4.0,4.0,3.0,3.0,3.0,2.0,0
442.5,0,0,0,0,1,0,4.0,4.0,3.0,3.0,3.0,2.0,0
443,0,0,0,0,1,0,4.0,4.0,3.0,3.0,3.0,2.0,0
443.5,0,0,0,0,1,0,4.0,4.0,3.0,3.0,3.0,2.0,0
444,0,0,0,0,1,0,4.0,4.0,3.0,3.0,3.0,2.0,0
444.5,0,0,0,0,1,0,4.0,4.0,3.0,3.0,3.0,2.0,0
445,0,0,0,0,1,0,4.0,4.0,3.0,3.0,3.0,2.0,0
445.5,0,0,0,0,0,0,4.0,4.0,3.0,3.0,3.0,2.0,0
446,0,0,0,0,0,0,4.0,4.0,3.0,3.0,3.0,2.0,0
446.5,0,0,0,0,0,0,4.0,4.0,3.0,3.0,3.0,2.0,0
447,0,0,0,0,0,0,4.0,4.0,3.0,3.0,3.0,2.0,0
447.5,0,0,0,0,0,0,4.0,4.0,3.0,3.0,3.0,2.0,0
448,0,0,0,0,0,0,4.0,4.0,3.0,3.0,3.0,2.0,0
448.5,0,0,0,0,0,0,4.0,4.0,3.0,3.0,3.0,2.0,0
449,0,0,0,0,0,0,4.0,4.0,3.0,3.0,3.0,2.0,0
449.5,0,0,0,0,0,0,4.0,4.0,3.0,3.0,3.0,2.0,0
450,0,0,0,0,0,0,4.0,4.0,3.0,3.0,3.0,2.0,0
450.5,0,0,0,0,0,0,4.0,4.0,3.0,3.0,3.0,2.0,0
451,0,0,0,0,0,0,4.0,4.0,3.0,3.0,3.0,2.0,0
451.5,0,0,0,0,0,0,4.0,4.0,3.0,3.0,3.0,2.0,0
452,0,0,0,0,0,0,4.0,4.0,3.0,3.0,3.0,2.0,0
452.5,0,0,0,0,0,0,4.0,4.0,3.0,3.0,3.0,2.0,0
453,0,0,0,0,0,0,4.0,4.0,3.0,3.0,3.0,2.0,0
453.5,0,0,0,0,0,0,4.0,4.0,3.0,3.0,3.0,2.0,0
454,0,0,0,0,0,0,4.0,4.0,3.0,3.0,3.0,2.0,0
454.5,0,0,0,0,0,0,4.0,4.0,3.0,3.0,3.0,2.0,0
455,0,0,0,0,0,0,4.0,4.0,3.0,3.0,3.0,2.0,0
455.5,0,0,0,0,0,0,4.0,4.0,3.0,3.0,3.0,2.0,0
456,0,0,0,0,0,0,4.0,4.0,3.0,3.0,3.0,2.0,0
456.5,0,0,0,0,0,0,4.0,4.0,3.0,3.0,3.0,2.0,0
457,0,0,0,0,0,0,4.0,4.0,3.0,3.0,3.0,2.0,0
457.5,0,0,0,0,0,0,4.0,4.0,3.0,3.0,3.0,2.0,0
458,0,0,0,0,0,0,4.0,4.0,3.0,3.0,3.0,2.0,0
458.5,0,0,0,0,0,0,4.0,4.0,3.0,3.0,3.0,2.0,0
459,0,0,0,0,0,0,4.0,4.0,3.0,3.0,3.0,2.0,0
459.5,0,0,0,0,0,0,4.0,4.0,3.0,3.0,3.0,2.0,0
460,0,0,0,0,0,0,4.0,4.0,3.0,3.0,3.0,2.0,0
460.5,0,0,0,0,0,0,4.0,4.0,3.0,3.0,3.0,2.0,0
461,0,0,0,0,0,0,4.0,4.0,3.0,3.0,3.0,2.0,0
461.5,0,0,0,0,0,0,4.0,4.0,3.0,3.0,3.0,2.0,0
462,0,0,0,0,0,0,4.0,4.0,3.0,3.0,3.0,2.0,0
462.5,0,0,1,0,0,0,4.0,4.0,4.0,3.0,3.0,2.0,0
463,0,0,1,0,0,0,4.0,4.0,4.0,3.0,3.0,2.0,0
463.5,0,0,1,0,0,0,4.0,4.0,4.0,3.0,3.0,2.0,0
464,0,0,1,0,0,0,4.0,4.0,4.0,3.0,3.0,2.0,0
464.5,0,0,1,0,0,0,4.0,4.0,4.0,3.0,3.0,2.0,0
465,0,0,1,0,0,0,4.0,4.0,4.0,3.0,3.0,2.0,0
465.5,0,0,1,0,0,0,4.0,4.0,4.0,3.0,3.0,2.0,0
466,0,0,1,0,0,0,4.0,4.0,4.0,3.0,3.0,2.0,0
466.5,0,0,1,0,0,0,4.0,4.0,4.0,3.0,3.0,2.0,0
467,0,0,1,0,0,0,4.0,4.0,4.0,3.0,3.0,2.0,0
467.5,0,0,1,0,0,0,4.0,4.0,4.0,3.0,3.0,2.0,0
468,0,0,1,0,0,0,4.0,4.0,4.0,3.0,3.0,2.0,0
468.5,0,0,1,0,0,0,4.0,4.0,4.0,3.0,3.0,2.0,0
469,0,0,0,0,0,0,4.0,4.0,4.0,3.0,3.0,2.0,0
469.5,0,0,0,0,0,0,4.0,4.0,4.0,3.0,3.0,2.0,0
470,0,0,0,0,0,0,4.0,4.0,4.0,3.0,3.0,2.0,0
470.5,0,0,0,0,0,1,4.0,4.0,4.0,3.0,3.0,3.0,0
471,0,0,0,0,0,1,4.0,4.0,4.0,3.0,3.0,3.0,0
471.5,0,0,0,0,0,1,4.0,4.0,4.0,3.0,3.0,3.0,0
472,0,0,0,0,0,1,4.0,4.0,4.0,3.0,3.0,3.0,0
472.5,0,0,0,0,0,1,4.0,4.0,4.0,3.0,3.0,3.0,0
473,0,0,0,0,0,1,4.0,4.0,4.0,3.0,3.0,3.0,0
473.5,0,0,0,0,0,1,4.0,4.0,4.0,3.0,3.0,3.0,0
474,0,0,0,0,0,1,4.0,4.0,4.0,3.0,3.0,3.0,0
474.5,0,0,0,0,0,1,4.0,4.0,4.0,3.0,3.0,3.0,0
475,0,0,0,0,0,1,4.0,4.0,4.0,3.0,3.0,3.0,0
475.5,0,0,0,1,0,1,4.0,4.0,4.0,4.0,3.0,3.0,0
476,0,0,0,1,0,1,4.0,4.0,4.0,4.0,3.0,3.0,0
476.5,0,0,0,1,0,1,4.0,4.0,4.0,4.0,3.0,3.0,0
477,0,0,0,1,0,1,4.0,4.0,4.0,4.0,3.0,3.0,0
477.5,0,0,0,1,0,1,4.0,4.0,4.0,4.0,3.0,3.0,0
478,0,0,0,1,0,1,4.0,4.0,4.0,4.0,3.0,3.0,0
478.5,0,0,0,1,0,1,4.0,4.0,4.0,4.0,3.0,3.0,0
479,0,0,0,1,0,1,4.0,4.0,4.0,4.0,3.0,3.0,0
479.5,0,0,0,1,0,1,4.0,4.0,4.0,4.0,3.0,3.0,0
480,0,0,0,1,0,1,4.0,4.0,4.0,4.0,3.0,3.0,0
480.5,0,0,0,1,0,1,4.0,4.0,4.0,4.0,3.0,3.0,0
481,0,0,0,1,0,1,4.0,4.0,4.0,4.0,3.0,3.0,0
481.5,0,0,0,1,0,1,4.0,4.0,4.0,4.0,3.0,3.0,0
482,0,0,0,1,0,1,4.0,4.0,4.0,4.0,3.0,3.0,0
482.5,0,0,0,1,0,1,4.0,4.0,4.0,4.0,3.0,3.0,0
483,0,0,0,1,0,1,4.0,4.0,4.0,4.0,3.0,3.0,0
483.5,0,0,0,1,0,1,4.0,4.0,4.0,4.0,3.0,3.0,0
484,0,0,0,1,0,1,4.0,4.0,4.0,4.0,3.0,3.0,0
484.5,0,0,0,1,0,1,4.0,4.0,4.0,4.0,3.0,3.0,0
485,0,0,0,1,0,1,4.0,4.0,4.0,4.0,3.0,3.0,0
485.5,0,0,0,1,0,1,4.0,4.0,4.0,4.0,3.0,3.0,0
486,0,0,0,1,0,1,4.0,4.0,4.0,4.0,3.0,3.0,0
486.5,0,0,0,1,0,1,4.0,4.0,4.0,4.0,3.0,3.0,0
487,0,0,0,0,0,1,4.0,4.0,4.0,4.0,3.0,3.0,0
487.5,0,0,0,0,0,0,4.0,4.0,4.0,4.0,3.0,3.0,0
488,0,0,0,0,0,0,4.0,4.0,4.0,4.0,3.0,3.0,0
488.5,0,0,0,0,0,0,4.0,4.0,4.0,4.0,3.0,3.0,0
489,0,0,0,0,0,0,4.0,4.0,4.0,4.0,3.0,3.0,0
489.5,0,0,0,0,0,0,4.0,4.0,4.0,4.0,3.0,3.0,0
490,0,0,0,0,0,0,4.0,4.0,4.0,4.0,3.0,3.0,0
490.5,0,0,0,0,0,0,4.0,4.0,4.0,4.0,3.0,3.0,0
491,0,0,0,0,0,0,4.0,4.0,4.0,4.0,3.0,3.0,0
491.5,0,0,0,0,0,0,4.0,4.0,4.0,4.0,3.0,3.0,0
492,0,0,0,0,0,0,4.0,4.0,4.0,4.0,3.0,3.0,0
492.5,0,0,0,0,0,0,4.0,4.0,4.0,4.0,3.0,3.0,0
493,0,0,0,0,0,0,4.0,4.0,4.0,4.0,3.0,3.0,0
493.5,0,0,0,0,0,0,4.0,4.0,4.0,4.0,3.0,3.0,0
494,0,0,0,0,0,0,4.0,4.0,4.0,4.0,3.0,3.0,0
494.5,0,0,0,0,0,0,4.0,4.0,4.0,4.0,3.0,3.0,0
495,0,0,0,0,0,0,4.0,4.0,4.0,4.0,3.0,3.0,0
495.5,0,0,0,0,0,0,4.0,4.0,4.0,4.0,3.0,3.0,0
496,0,0,0,0,0,0,4.0,4.0,4.0,4.0,3.0,3.0,0
496.5,0,0,0,0,0,0,4.0,4.0,4.0,4.0,3.0,3.0,0
497,0,0,0,0,0,0,4.0,4.0,4.0,4.0,3.0,3.0,0
497.5,0,0,0,0,1,0,4.0,4.0,4.0,4.0,4.0,3.0,0
498,0,0,0,0,1,0,4.0,4.0,4.0,4.0,4.0,3.0,0
498.5,0,0,0,0,1,0,4.0,4.0,4.0,4.0,4.0,3.0,0
499,0,0,0,0,1,0,4.0,4.0,4.0,4.0,4.0,3.0,0
499.5,0,0,0,0,1,0,4.0,4.0,4.0,4.0,4.0,3.0,0
500,0,0,0,0,1,0,4.0,4.0,4.0,4.0,4.0,3.0,0
500.5,0,0,0,0,1,0,4.0,4.0,4.0,4.0,4.0,3.0,0
501,0,0,0,0,1,0,4.0,4.0,4.0,4.0,4.0,3.0,0
501.5,0,0,0,0,1,0,4.0,4.0,4.0,4.0,4.0,3.0,0
502,0,0,0,0,1,0,4.0,4.0,4.0,4.0,4.0,3.0,0
502.5,0,0,0,0,1,0,4.0,4.0,4.0,4.0,4.0,3.0,0
503,0,0,0,0,1,0,4.0,4.0,4.0,4.0,4.0,3.0,0
503.5,0,0,0,0,1,0,4.0,4.0,4.0,4.0,4.0,3.0,0
504,0,0,0,0,1,0,4.0,4.0,4.0,4.0,4.0,3.0,0
504.5,0,0,0,0,1,0,4.0,4.0,4.0,4.0,4.0,3.0,0
505,0,0,0,0,1,0,4.0,4.0,4.0,4.0,4.0,3.0,0
505.5,0,0,0,0,1,0,4.0,4.0,4.0,4.0,4.0,3.0,0
506,0,0,0,0,1,0,4.0,4.0,4.0,4.0,4.0,3.0,0
506.5,0,0,0,0,0,0,4.0,4.0,4.0,4.0,4.0,3.0,0
507,0,0,0,0,0,0,4.0,4.0,4.0,4.0,4.0,3.0,0
507.5,0,0,0,0,0,0,4.0,4.0,4.0,4.0,4.0,3.0,0
508,0,0,0,0,0,0,4.0,4.0,4.0,4.0,4.0,3.0,0
508.5,0,0,0,0,0,0,4.0,4.0,4.0,4.0,4.0,3.0,0
509,0,0,0,0,0,0,4.0,4.0,4.0,4.0,4.0,3.0,0
509.5,0,0,0,0,0,0,4.0,4.0,4.0,4.0,4.0,3.0,0
510,0,0,0,0,0,0,4.0,4.0,4.0,4.0,4.0,3.0,0
510.5,0,0,0,0,0,0,4.0,4.0,4.0,4.0,4.0,3.0,0
511,0,0,0,0,0,0,4.0,4.0,4.0,4.0,4.0,3.0,0
511.5,0,0,0,0,0,0,4.0,4.0,4.0,4.0,4.0,3.0,0
512,0,0,0,0,0,0,4.0,4.0,4.0,4.0,4.0,3.0,0
512.5,0,0,0,0,0,0,4.0,4.0,4.0,4.0,4.0,3.0,0
513,0,0,0,0,0,0,4.0,4.0,4.0,4.0,4.0,3.0,0
513.5,0,0,0,0,0,0,4.0,4.0,4.0,4.0,4.0,3.0,0
514,0,0,0,0,0,0,4.0,4.0,4.0,4.0,4.0,3.0,0
514.5,0,0,0,0,0,0,4.0,4.0,4.0,4.0,4.0,3.0,0
515,0,0,0,0,0,0,4.0,4.0,4.0,4.0,4.0,3.0,0
515.5,0,0,0,0,0,0,4.0,4.0,4.0,4.0,4.0,3.0,0
516,0,0,0,0,0,0,4.0,4.0,4.0,4.0,4.0,3.0,0
516.5,0,0,0,0,0,0,4.0,4.0,4.0,4.0,4.0,3.0,0
517,0,0,0,0,0,0,4.0,4.0,4.0,4.0,4.0,3.0,0
517.5,0,0,0,0,0,0,4.0,4.0,4.0,4.0,4.0,3.0,0
518,0,0,0,0,0,0,4.0,4.0,4.0,4.0,4.0,3.0,0
518.5,0,0,0,0,0,0,4.0,4.0,4.0,4.0,4.0,3.0,0
519,0,0,0,0,0,0,4.0,4.0,4.0,4.0,4.0,3.0,0
519.5,0,0,0,0,0,0,4.0,4.0,4.0,4.0,4.0,3.0,0
520,0,0,0,0,0,0,4.0,4.0,4.0,4.0,4.0,3.0,0
520.5,0,0,0,0,0,0,4.0,4.0,4.0,4.0,4.0,3.0,0
521,0,0,0,0,0,0,4.0,4.0,4.0,4.0,4.0,3.0,0
521.5,0,0,0,0,0,0,4.0,4.0,4.0,4.0,4.0,3.0,0
522,0,0,0,0,0,0,4.0,4.0,4.0,4.0,4.0,3.0,0
522.5,0,0,0,0,0,0,4.0,4.0,4.0,4.0,4.0,3.0,0
523,0,0,0,0,0,0,4.0,4.0,4.0,4.0,4.0,3.0,0
523.5,0,0,0,0,0,0,4.0,4.0,4.0,4.0,4.0,3.0,0
524,0,0,0,0,0,0,4.0,4.0,4.0,4.0,4.0,3.0,0
524.5,0,0,0,0,0,0,4.0,4.0,4.0,4.0,4.0,3.0,0
525,0,0,0,0,0,0,4.0,4.0,4.0,4.0,4.0,3.0,0
525.5,0,0,0,0,0,0,4.0,4.0,4.0,4.0,4.0,3.0,0
526,0,0,0,0,0,0,4.0,4.0,4.0,4.0,4.0,3.0,0
526.5,0,0,0,0,0,0,4.0,4.0,4.0,4.0,4.0,3.0,0
527,0,0,0,0,0,0,4.0,4.0,4.0,4.0,4.0,3.0,0
527.5,0,0,0,0,0,1,4.0,4.0,4.0,4.0,4.0,4.0,0
528,0,0,0,0,0,1,4.0,4.0,4.0,4.0,4.0,4.0,0
528.5,0,0,0,0,0,1,4.0,4.0,4.0,4.0,4.0,4.0,0
529,0,0,0,0,0,1,4.0,4.0,4.0,4.0,4.0,4.0,0
529.5,0,0,0,0,0,1,4.0,4.0,4.0,4.0,4.0,4.0,0
530,0,0,0,0,0,1,4.0,4.0,4.0,4.0,4.0,4.0,0
530.5,0,0,0,0,0,1,4.0,4.0,4.0,4.0,4.0,4.0,0
531,0,0,0,0,0,1,4.0,4.0,4.0,4.0,4.0,4.0,0
531.5,0,0,0,0,0,1,4.0,4.0,4.0,4.0,4.0,4.0,0
532,0,0,0,0,0,1,4.0,4.0,4.0,4.0,4.0,4.0,0
532.5,0,0,0,0,0,1,4.0,4.0,4.0,4.0,4.0,4.0,0
533,0,0,0,0,0,1,4.0,4.0,4.0,4.0,4.0,4.0,0
533.5,0,0,0,0,0,1,4.0,4.0,4.0,4.0,4.0,4.0,0
534,0,0,0,0,0,1,4.0,4.0,4.0,4.0,4.0,4.0,0
534.5,0,0,0,0,0,1,4.0,4.0,4.0,4.0,4.0,4.0,0
535,0,0,0,0,0,1,4.0,4.0,4.0,4.0,4.0,4.0,0
535.5,0,0,0,0,0,1,4.0,4.0,4.0,4.0,4.0,4.0,0
536,0,0,0,0,0,1,4.0,4.0,4.0,4.0,4.0,4.0,0
